,Symbol,Category,Name,Price,RiseFall,Change,ChangeRate,NAV,EarningRate,Volume,Amount,MarCap
0,459580,6,KODEX CD금리액티브(합성),1034255,2,80,0.01,1034186.0,0.8956,177608,183691,82034
1,357870,6,TIGER CD금리투자KIS(합성),54215,2,5,0.01,54215.0,0.8933,169264,9177,74090
2,069500,1,KODEX 200,36520,2,355,0.98,36595.0,8.7621,1862644,67909,60221
3,423160,6,KODEX KOFR금리액티브(합성),106600,2,15,0.01,106587.0,0.8945,52414,5587,53441
4,449170,6,TIGER KOFR금리액티브(합성),105130,2,15,0.01,105130.0,0.8878,45977,4833,37286
5,360750,4,TIGER 미국S&P500,17545,2,100,0.57,17492.0,7.7254,1616699,28386,31985
6,133690,4,TIGER 미국나스닥100,109140,2,1095,1.01,108731.0,4.4196,98002,10701,31116
7,273130,6,KODEX 종합채권(AA-이상)액티브,108945,5,-10,-0.01,108956.0,-0.1375,9344,1017,28093
8,465680,6,KODEX 24-12 은행채(AA+이상)액티브,10275,3,0,0.0,10272.0,0.9332,33349,342,25358
9,381180,4,TIGER 미국필라델피아반도체나스닥,17340,2,470,2.79,17273.0,8.0511,1671968,29019,23461
10,122630,3,KODEX 레버리지,18970,2,365,1.96,19180.0,15.0587,19180639,362677,22034
11,102110,1,TIGER 200,36600,2,385,1.06,36650.0,8.7775,1333794,48702,21814
12,278530,1,KODEX 200TR,12695,2,120,0.95,12723.0,8.7802,62814,795,21004
13,381170,4,TIGER 미국테크TOP10 INDXX,18000,2,140,0.78,17896.0,10.5198,1014511,18245,20844
14,371460,4,TIGER 차이나전기차SOLACTIVE,8165,2,350,4.48,8177.0,9.6072,5062522,41133,20772
15,455890,6,KBSTAR 머니마켓액티브,52140,2,10,0.02,52137.0,1.0467,103235,5382,15758
16,252670,3,KODEX 200선물인버스2X,2105,5,-35,-1.64,2101.0,-15.5819,97286146,204949,13666
17,305540,2,TIGER 2차전지테마,23830,2,605,2.6,23887.0,0.9106,325257,7667,13214
18,148020,1,KBSTAR 200,36745,2,345,0.95,36828.0,8.8945,262155,9624,12861
19,305720,2,KODEX 2차전지산업,20180,2,490,2.49,20221.0,0.6385,1573838,31439,12713
20,470260,6,TIGER 24-12 금융채(AA-이상),51125,2,25,0.05,51120.0,0.9881,2839,145,12585
21,102780,2,KODEX 삼성그룹,9440,2,65,0.69,9431.0,11.6921,42538,400,12584
22,315930,2,KODEX Top5PlusTR,22800,2,75,0.33,22801.0,17.7156,9997,228,12540
23,214980,6,KODEX 단기채권PLUS,110340,2,20,0.02,110335.0,0.864,24064,2655,12142
24,292150,2,TIGER TOP10,12190,2,125,1.04,12192.0,10.8834,62668,763,11715
25,385540,6,KBSTAR 종합채권(A-이상)액티브,100850,2,25,0.02,100869.0,-0.2622,5043,508,11441
26,453850,6,ACE 미국30년국채액티브(H),8055,2,35,0.44,8026.0,-6.7247,958394,7718,11164
27,310970,1,TIGER MSCI Korea TR,15635,2,105,0.68,15675.0,9.5204,1304,20,11116
28,233740,3,KODEX 코스닥150레버리지,11955,2,325,2.79,12042.0,18.734,19833630,234170,10879
29,379800,4,KODEX 미국S&P500TR,15985,2,95,0.6,15934.0,7.8018,1622376,25945,10358
30,360200,4,ACE 미국S&P500,17740,2,105,0.6,17688.0,7.8001,339102,6019,9615
31,229200,1,KODEX 코스닥150,14395,2,210,1.48,14443.0,9.4375,5716943,81762,8363
32,396500,2,TIGER Fn반도체TOP10,12665,2,15,0.12,12684.0,21.6475,1353274,17154,8258
33,458730,4,TIGER 미국배당다우존스,11420,2,20,0.18,11380.0,4.7065,847373,9690,8114
34,356540,6,ACE 종합채권(AA-이상)KIS액티브,99415,5,-50,-0.05,99479.0,-0.3157,631,62,8006
35,447820,6,TIGER 24-10 회사채(A+이상)액티브,54805,2,15,0.03,54807.0,0.9767,27741,1520,7982
36,436140,6,SOL 종합채권(AA-이상)액티브,105370,2,5,0.0,105387.0,-0.2509,843,88,7871
37,367380,4,ACE 미국나스닥100,18740,2,165,0.89,18684.0,4.5531,224167,4207,7627
38,379810,4,KODEX 미국나스닥100TR,16295,2,155,0.96,16237.0,4.6692,508553,8291,7569
39,139260,2,TIGER 200 IT,33620,2,245,0.73,33606.0,11.5908,124965,4184,7484
40,462010,2,TIGER 2차전지소재Fn,7310,2,170,2.38,7325.0,-1.5142,798633,5756,7361
41,091160,2,KODEX 반도체,40835,2,80,0.2,40911.0,15.1968,319381,13075,7248
42,153130,6,KODEX 단기채권,109415,2,25,0.02,109420.0,0.7552,11789,1289,7200
43,157450,6,TIGER 단기통안채,106760,2,25,0.02,106757.0,0.7646,7183,766,7108
44,294400,1,KOSEF 200TR,46185,2,425,0.93,46292.0,8.8616,103955,4798,6905
45,272580,6,TIGER 단기채권액티브,53755,2,15,0.03,53751.0,0.8255,32940,1770,6673
46,453540,6,TIGER 25-10 회사채(A+이상)액티브,52595,2,5,0.01,52586.0,1.1346,98477,5178,6608
47,091180,2,KODEX 자동차,21415,2,125,0.59,21449.0,19.8247,660811,14158,6521
48,152100,1,ARIRANG 200,37040,2,340,0.93,37138.0,8.8286,218948,8105,6389
49,458760,4,TIGER 미국배당+7%프리미엄다우존스,10320,2,15,0.15,10291.0,3.4122,878809,9082,6135
50,371160,4,TIGER 차이나항셍테크,5680,2,20,0.35,5666.0,20.4255,3118120,17797,6117
51,475630,7,TIGER 1년은행양도성예금증서액티브(합성),1008980,2,200,0.02,1008976.0,,15388,15526,5979
52,114800,3,KODEX 인버스,4210,5,-45,-1.06,4214.0,-7.2985,15871206,66956,5772
53,329750,6,TIGER 미국달러단기채권액티브,12160,5,-10,-0.08,12174.0,3.9726,53685,653,5703
54,196230,6,KBSTAR 단기통안채,111380,2,25,0.02,111378.0,0.7509,58852,6554,5348
55,293180,1,HANARO 200,36620,2,365,1.01,36698.0,8.7414,175858,6436,5237
56,446720,4,SOL 미국배당다우존스,10480,2,20,0.19,10439.0,4.9419,471513,4943,5188
57,314250,4,KODEX 미국빅테크10(H),35925,2,285,0.8,35690.0,6.3563,81724,2928,5188
58,451540,6,TIGER 종합채권(AA-이상)액티브,52030,2,15,0.03,52034.0,-0.2589,3632,188,4697
59,105190,1,ACE 200,36770,2,315,0.86,36853.0,8.8869,20947,769,4615
60,148070,6,KOSEF 국고채10년,109385,2,25,0.02,109387.0,-1.5352,10179,1112,4572
61,368590,4,KBSTAR 미국나스닥100,18150,2,180,1.0,18082.0,4.5253,127192,2308,4538
62,365780,6,ACE 국고채10년,85985,2,70,0.08,85936.0,-1.6034,12682,1089,4445
63,251340,3,KODEX 코스닥150선물인버스,3395,5,-50,-1.45,3405.0,-9.6986,27675463,94482,4308
64,329200,2,TIGER 리츠부동산인프라,4430,2,10,0.23,4435.0,5.5871,772059,3414,4264
65,476810,6,KODEX 25-11 은행채(AA-이상)PLUS액티브,10060,5,-5,-0.05,10062.0,,3648,36,4160
66,469830,6,SOL 초단기채권액티브,51120,2,10,0.02,51116.0,1.0578,166254,8498,4141
67,278540,1,KODEX MSCI Korea TR,12445,2,45,0.36,12489.0,9.5406,816,10,4132
68,455850,2,SOL AI반도체소부장,16030,2,195,1.23,16039.0,16.5808,451098,7214,4040
69,476450,6,히어로즈 머니마켓액티브,50385,2,10,0.02,50384.0,,61866,3117,3905
70,091170,2,KODEX 은행,8025,2,40,0.5,8028.0,22.0351,997067,7995,3840
71,114260,6,KODEX 국고채3년,59220,3,0,0.0,59163.0,-0.1181,9489,561,3816
72,458250,6,TIGER 미국30년국채스트립액티브(합성 H),40495,2,350,0.87,40319.0,-10.4806,122200,4947,3674
73,364980,2,TIGER 2차전지TOP10,13080,2,270,2.11,13114.0,2.3135,993818,12885,3630
74,385560,6,KBSTAR KIS국고채30년Enhanced,67290,5,-180,-0.27,67262.0,-4.7613,36395,2444,3607
75,226490,1,KODEX 코스피,27325,2,320,1.18,27315.0,8.1912,98747,2689,3593
76,390390,4,KODEX 미국반도체MV,20675,2,485,2.4,20559.0,16.0022,644216,13327,3577
77,441680,7,TIGER 미국나스닥100커버드콜(합성),10410,2,60,0.58,10400.0,4.4895,412175,4285,3576
78,379780,4,KBSTAR 미국S&P500,15345,2,90,0.59,15301.0,7.8168,140573,2158,3575
79,455030,6,KODEX 미국달러SOFR금리액티브(합성),11160,2,20,0.18,11209.0,4.0149,41370,462,3475
80,069660,1,KOSEF 200,36475,2,350,0.97,36555.0,8.7524,61287,2232,3410
81,446770,4,ACE 글로벌반도체TOP4 Plus SOLACTIVE,22170,2,435,2.0,22016.0,16.9618,183942,4062,3403
82,251350,4,KODEX 선진국MSCI World,26760,2,295,1.11,26485.0,8.0317,53417,1424,3345
83,273140,6,KODEX 단기변동금리부채권액티브,110405,3,0,0.0,110419.0,0.8909,239,26,3341
84,481050,6,KODEX 1년은행양도성예금증서+액티브(합성),1001350,2,90,0.01,1001348.0,,3610,3614,3304
85,394660,4,TIGER 글로벌자율주행&전기차SOLACTIVE,10775,2,220,2.08,10756.0,3.6836,36808,395,3237
86,453870,4,TIGER 인도니프티50,12625,2,15,0.12,12646.0,7.8531,217610,2741,3232
87,453810,4,KODEX 인도Nifty50,12940,2,40,0.31,12957.0,7.6666,305884,3954,3216
88,467940,6,KODEX 25-11 회사채(A+이상)액티브,10410,3,0,0.0,10410.0,1.117,8793,91,3174
89,476550,6,TIGER 미국30년국채프리미엄액티브(H),9240,2,40,0.43,9224.0,,666998,6161,3155
90,302190,6,TIGER 중장기국채,49500,5,-15,-0.03,49504.0,-0.8511,3996,197,3138
91,304660,6,KODEX 미국30년국채울트라선물(H),7580,2,40,0.53,7587.0,-6.3355,703905,5323,3115
92,477080,6,KBSTAR CD금리액티브(합성),100375,2,20,0.02,100340.0,,2345,235,3112
93,402970,4,ACE 미국배당다우존스,11560,2,20,0.17,11521.0,4.7817,183896,2127,3087
94,394670,4,TIGER 글로벌리튬&2차전지SOLACTIVE(합성),6715,2,175,2.68,6744.0,0.4608,58350,388,3051
95,466940,2,TIGER 은행고배당플러스TOP10,13035,2,55,0.42,13027.0,28.6249,248133,3229,2913
96,479080,6,1Q 머니마켓액티브,50190,2,5,0.01,50193.0,,10,0,2911
97,161510,2,ARIRANG 고배당주,13770,2,5,0.04,13780.0,18.5866,406293,5568,2809
98,439860,6,KODEX ESG종합채권(A-이상)액티브,108835,2,70,0.06,108819.0,1.0029,210,22,2786
99,388420,2,KBSTAR 비메모리반도체액티브,13845,2,90,0.65,13852.0,16.1684,387435,5383,2786
100,451000,6,ARIRANG 종합채권(AA-이상)액티브,106010,5,-25,-0.02,106000.0,-0.2493,575,60,2779
101,143860,2,TIGER 헬스케어,33800,2,615,1.85,33817.0,11.9905,53264,1784,2765
102,456610,6,TIGER 미국달러SOFR금리액티브(합성),54015,2,65,0.12,54047.0,4.0702,10374,560,2725
103,439870,6,KODEX 국고채30년액티브,101505,5,-60,-0.06,101530.0,-3.4691,3193,323,2692
104,091230,2,TIGER 반도체,42415,2,185,0.44,42385.0,14.9789,138462,5870,2545
105,245710,4,ACE 베트남VN30(합성),19130,3,0,0.0,19340.0,4.5926,54725,1047,2544
106,461460,6,ARIRANG 국고채10년액티브,51145,2,50,0.1,51083.0,-1.5701,122,6,2536
107,472870,6,KBSTAR 미국30년국채엔화노출(합성 H),8395,3,0,0.0,8409.0,-9.9037,2162238,18036,2531
108,474220,4,TIGER 미국테크TOP10+10%프리미엄,11180,2,125,1.13,11163.0,10.0766,427867,4790,2504
109,290130,2,KBSTAR ESG사회책임투자,12490,2,190,1.54,12485.0,14.1418,12163,151,2436
110,457480,4,ACE 테슬라밸류체인액티브,9820,2,135,1.39,9666.0,-0.7685,1276304,12500,2416
111,241180,4,TIGER 일본니케이225,20300,2,50,0.25,20185.0,4.2471,259660,5298,2395
112,471990,2,KODEX AI반도체핵심장비,13420,2,85,0.64,13440.0,27.9369,1616577,21640,2355
113,448880,6,ACE 24-12 회사채(AA-이상)액티브,104125,2,20,0.02,104122.0,1.0335,4633,482,2351
114,367770,2,KBSTAR Fn수소경제테마,9250,2,200,2.21,9264.0,8.1753,23806,218,2326
115,422420,2,KBSTAR 2차전지액티브,10205,2,295,2.98,10196.0,0.0,89020,891,2229
116,449180,4,KODEX 미국S&P500(H),12050,2,50,0.42,12019.0,4.2912,76682,923,2211
117,200250,4,KOSEF 인도Nifty50(합성),23745,5,-35,-0.15,23817.0,7.6992,91072,2166,2161
118,465580,4,ACE 미국빅테크TOP7 Plus,13095,2,180,1.39,13000.0,13.2894,255664,3344,2141
119,448290,4,TIGER 미국S&P500TR(H),12400,2,50,0.4,12368.0,4.3956,101300,1256,2120
120,192090,4,TIGER 차이나CSI300,9050,2,135,1.51,9028.0,9.3865,128698,1160,2104
121,411060,5,ACE KRX금현물,14990,5,-25,-0.17,14914.0,21.0399,198583,2980,2099
122,361580,1,KBSTAR 200TR,20000,2,190,0.96,20040.0,8.7863,2898,57,2090
123,423920,4,TIGER 미국필라델피아반도체레버리지(합성),22835,2,1285,5.96,22606.0,14.445,332021,7571,2085
124,455860,2,SOL 2차전지소부장Fn,6955,2,170,2.51,6979.0,-3.2075,230267,1582,2073
125,456600,4,TIMEFOLIO 글로벌AI인공지능액티브,18745,2,295,1.6,18687.0,16.9942,125866,2360,2009
126,295040,1,SOL 200TR,13215,2,130,0.99,13239.0,8.7697,115561,1527,2002
127,372330,4,KODEX 차이나항셍테크,5690,2,50,0.89,5658.0,19.8724,434484,2477,2000
128,464540,6,KBSTAR 25-03 회사채(AA-이상)액티브,50835,3,0,0.0,50848.0,0.9381,444,22,1908
129,473290,6,KODEX 26-12 회사채(AA-이상)액티브,10205,3,0,0.0,10212.0,1.1898,711,7,1898
130,332940,1,HANARO MSCI Korea TR,15675,2,175,1.13,15662.0,9.6181,50,0,1865
131,143850,4,TIGER 미국S&P500선물(H),56800,2,260,0.46,56768.0,3.4773,117580,6679,1860
132,272560,6,KBSTAR 단기국공채액티브,108725,2,15,0.01,108732.0,0.7366,1405,152,1846
133,328370,1,ARIRANG 코스피TR,14470,2,130,0.91,14496.0,7.9819,39,0,1838
134,471230,6,KODEX 국고채10년액티브,103510,2,15,0.01,103659.0,-1.6114,1127,116,1830
135,409820,4,KODEX 미국나스닥100레버리지(합성 H),9210,2,150,1.66,9152.0,1.0596,318643,2929,1814
136,469820,6,SOL 24-12 회사채(AA-이상)액티브,51290,2,5,0.01,51298.0,1.0243,49,2,1799
137,395270,2,HANARO Fn K-반도체,11605,2,70,0.61,11599.0,15.7185,207429,2405,1764
138,477050,6,ARIRANG 머니마켓액티브,50215,2,15,0.03,50213.0,,57415,2883,1754
139,462330,2,KODEX 2차전지산업레버리지,3885,2,195,5.28,3898.0,-2.6386,4921179,18762,1725
140,449190,4,KODEX 미국나스닥100(H),14165,2,105,0.75,14122.0,1.1131,72772,1030,1721
141,445290,2,KODEX K-로봇액티브,14125,2,170,1.22,14135.0,-3.7582,33942,477,1674
142,464230,6,히어로즈 24-09 회사채(AA-이상)액티브,51210,2,5,0.01,51215.0,0.9243,11047,565,1649
143,463290,6,1Q 단기금융채액티브,103330,2,25,0.02,103337.0,0.9725,17707,1829,1632
144,326240,2,KBSTAR IT플러스,18470,2,185,1.01,18491.0,3.7971,1193,21,1625
145,452360,4,SOL 미국배당다우존스(H),10740,3,0,0.0,10709.0,1.2598,74192,796,1600
146,364960,2,TIGER BBIG,6085,2,150,2.53,6080.0,-3.018,63561,383,1588
147,132030,5,KODEX 골드선물(H),14545,5,-60,-0.41,14548.0,14.6839,232369,3375,1585
148,451060,1,1Q K200액티브,11570,2,110,0.96,11601.0,8.5227,12083,139,1562
149,461950,2,KODEX 2차전지핵심소재10 Fn,7610,2,200,2.7,7604.0,-2.4968,230770,1728,1552
150,329650,7,KODEX TRF3070,12315,2,50,0.41,12335.0,2.2935,29843,367,1552
151,363570,6,KODEX 장기종합채권(AA-이상)액티브KAP,90675,2,170,0.19,90808.0,-1.6037,177,16,1533
152,438330,6,TIGER 투자등급회사채액티브,109255,5,-10,-0.01,109302.0,1.0076,4915,536,1518
153,325020,2,KODEX 배당가치,14170,2,150,1.07,14158.0,13.9941,7983,112,1516
154,473330,6,SOL 미국30년국채커버드콜(합성),9675,2,35,0.36,9636.0,-1.3778,516685,5000,1504
155,261260,7,KODEX 미국달러선물인버스2X,5925,5,-20,-0.34,5927.0,-6.4517,612681,3621,1463
156,466920,2,SOL 조선TOP3플러스,10910,2,55,0.51,10923.0,22.2409,3052306,33089,1407
157,244580,2,KODEX 바이오,7995,2,120,1.52,8050.0,4.0078,175674,1399,1407
158,228790,2,TIGER 화장품,2710,2,65,2.46,2714.0,8.3503,1628974,4411,1405
159,451600,6,ARIRANG 국고채30년액티브,97440,5,-90,-0.09,97512.0,-3.7122,175,17,1401
160,471760,2,TIGER AI반도체핵심공정,12855,2,115,0.9,12889.0,26.9746,1167531,14949,1395
161,190620,6,ACE 단기통안채,101435,2,20,0.02,101439.0,0.78,5538,561,1395
162,451530,6,TIGER 국고채30년스트립액티브,47230,5,-105,-0.22,47251.0,-5.4057,21984,1036,1391
163,401470,2,KODEX K-메타버스액티브,7160,2,110,1.56,7184.0,-3.6178,44027,313,1385
164,448300,4,TIGER 미국나스닥100TR(H),14530,2,115,0.8,14487.0,1.0515,93270,1355,1380
165,219480,4,KODEX 미국S&P500선물(H),23500,2,70,0.3,23497.0,3.8563,11531,270,1375
166,476070,4,KODEX 글로벌비만치료제TOP2 Plus,11565,2,245,2.16,11583.0,,301726,3488,1365
167,475080,7,KODEX 테슬라인컴프리미엄채권혼합액티브,9410,5,-15,-0.16,9393.0,1.0593,1005505,9479,1364
168,292560,7,TIGER 일본엔선물,8400,5,-35,-0.41,8396.0,-2.6544,912320,7613,1352
169,461270,6,ACE 26-06 회사채(AA-이상)액티브,10515,3,0,0.0,10515.0,1.3493,12504,131,1347
170,462900,2,KoAct 바이오헬스케어액티브,11245,2,215,1.95,11267.0,12.6911,81673,914,1333
171,275980,4,TIGER 글로벌4차산업혁신기술(합성 H),16135,2,175,1.1,16126.0,-3.8555,15362,246,1291
172,412770,4,TIGER 글로벌메타버스액티브,9275,2,10,0.11,9353.0,6.3109,21682,201,1280
173,395290,2,HANARO Fn K-POP&미디어,7300,2,50,0.69,7319.0,-10.068,140053,1021,1267
174,453010,7,ARIRANG KOFR금리,104015,2,30,0.03,104014.0,0.8583,14066,1463,1266
175,448600,6,KBSTAR 25-11 회사채(AA-이상)액티브,52740,5,-5,-0.01,52737.0,1.1042,11513,607,1262
176,363580,2,KODEX 200IT TR,13015,2,90,0.7,13030.0,11.7113,12253,159,1249
177,449450,2,ARIRANG K방산Fn,16260,2,155,0.96,16313.0,33.1821,1036122,16769,1244
178,228800,2,TIGER 여행레저,3480,2,50,1.46,3493.0,-1.1316,129634,450,1234
179,473440,6,ACE 11월만기자동연장회사채AA-이상액티브,10220,2,10,0.1,10216.0,0.9391,8512,86,1226
180,150460,2,TIGER 중국소비테마,6325,2,130,2.1,6371.0,4.9248,65977,415,1226
181,304940,4,KODEX 미국나스닥100선물(H),21115,2,150,0.72,21053.0,0.769,50354,1062,1225
182,462540,6,SOL 25-09 회사채(AA-이상)액티브,51970,2,5,0.01,52002.0,1.109,123,6,1222
183,305080,6,TIGER 미국채10년선물,11745,2,55,0.47,11741.0,-0.5107,53855,632,1221
184,300640,2,KBSTAR 게임테마,8580,2,220,2.63,8601.0,-8.2192,9058,77,1214
185,401170,2,KBSTAR iSelect메타버스,6045,2,155,2.63,6036.0,-8.4694,80761,482,1208
186,466400,6,1Q 25-08 회사채(A+이상)액티브,104065,2,35,0.03,104061.0,1.1718,3111,323,1207
187,464930,4,TIGER 글로벌혁신블루칩TOP10,12560,2,250,2.03,12483.0,16.0226,38316,479,1199
188,465350,3,KBSTAR 2차전지TOP10인버스(합성),24915,5,-580,-2.27,25024.0,-0.8363,491227,12400,1183
189,385550,6,KBSTAR 단기종합채권(AA-이상)액티브,108120,2,20,0.02,108121.0,0.9007,2526,273,1182
190,476850,1,KoAct 배당성장액티브,9930,2,115,1.17,9961.0,,39183,388,1182
191,332930,1,HANARO 200TR,46260,2,470,1.03,46358.0,8.739,57,2,1180
192,278620,6,ARIRANG 단기채권액티브,112795,2,20,0.02,112791.0,0.9443,34,3,1179
193,364970,2,TIGER 바이오TOP10,6430,2,120,1.9,6446.0,2.0177,147386,942,1177
194,472150,2,TIGER 배당프리미엄액티브,10950,2,80,0.74,10970.0,10.6051,15215,166,1172
195,182480,7,TIGER 미국MSCI리츠(합성 H),11505,5,-50,-0.43,11483.0,-3.8079,13130,151,1168
196,447770,7,TIGER 테슬라채권혼합Fn,10380,2,35,0.34,10228.0,-0.7667,242686,2498,1168
197,463050,2,TIMEFOLIO K바이오액티브,9450,2,180,1.94,9488.0,10.7526,170277,1599,1139
198,168580,4,ACE 중국본토CSI300,24410,2,430,1.79,24464.0,8.091,20178,491,1138
199,414780,4,TIGER 차이나과창판STAR50(합성),5920,2,175,3.05,6031.0,2.4064,21230,125,1134
200,466950,4,TIGER 글로벌AI액티브,13340,2,220,1.68,13259.0,10.8576,110788,1473,1129
201,278240,3,KBSTAR 코스닥150선물레버리지,13320,2,355,2.74,13348.0,19.7137,13575,178,1123
202,456880,7,ACE 미국달러SOFR금리(합성),10960,2,25,0.23,10950.0,4.5411,37710,413,1121
203,419890,6,히어로즈 단기채권ESG액티브,106605,2,10,0.01,106607.0,0.8944,60,6,1119
204,458210,7,히어로즈 CD금리액티브(합성),103385,2,10,0.01,103348.0,0.8585,313,32,1113
205,213610,2,KODEX 삼성그룹밸류,9045,2,60,0.67,9047.0,10.4975,913,8,1113
206,302450,1,KBSTAR 코스피,27770,2,310,1.13,27852.0,7.5289,340,9,1097
207,400970,2,TIGER Fn메타버스,6585,2,130,2.01,6607.0,-9.673,72641,475,1096
208,470320,6,BNK 24-11 회사채(AA-이상)액티브,51330,2,10,0.02,51328.0,0.9938,11,0,1095
209,472920,6,HK 종합채권(AA-이상)액티브,102290,3,0,0.0,102314.0,-0.3071,0,0,1080
210,468820,6,WOORI 25-09 회사채(AA-이상)액티브,52325,2,5,0.01,52323.0,1.3953,543,28,1055
211,480260,6,TIGER 27-04회사채(A+이상)액티브,49865,5,-35,-0.07,49893.0,,50242,2505,1047
212,270810,1,KBSTAR 코스닥150,14330,2,210,1.49,14347.0,9.7902,28757,409,1037
213,448540,7,ACE 엔비디아채권혼합블룸버그,18435,2,220,1.21,18386.0,13.6661,125973,2321,1032
214,130730,6,KOSEF 단기자금,102590,2,25,0.02,102591.0,0.8505,32873,3372,1031
215,232080,1,TIGER 코스닥150,14825,2,210,1.44,14860.0,9.82,140436,2069,1029
216,474590,2,WOORI 반도체밸류체인액티브,11635,2,155,1.35,11690.0,11.0251,119936,1392,1012
217,277630,1,TIGER 코스피,27715,2,250,0.91,27791.0,8.16,2954,81,1012
218,282000,3,KBSTAR 국고채3년선물인버스,109380,5,-50,-0.05,109380.0,1.8095,4,0,1011
219,157490,2,TIGER 소프트웨어,8235,2,145,1.79,8245.0,-12.3251,81615,668,1008
220,454780,6,히어로즈 종합채권(AA-이상)액티브,103115,5,-50,-0.05,103053.0,-0.2563,1758,181,975
221,309230,4,ACE 미국WideMoat가치주,24285,5,-25,-0.1,24111.0,6.2023,45828,1110,967
222,204480,4,TIGER 차이나CSI300레버리지(합성),15685,2,455,2.99,15937.0,18.1994,190750,2985,963
223,245340,4,TIGER 미국다우존스30,26060,2,180,0.7,25970.0,3.9993,6939,180,938
224,325010,2,KODEX Fn성장,15040,3,0,0.0,15201.0,7.0821,0,0,937
225,283580,4,KODEX 차이나CSI300,11035,2,170,1.56,11020.0,8.4656,100373,1104,905
226,438570,6,SOL 국고채10년,102360,2,215,0.21,102425.0,-1.812,149,15,888
227,139230,2,TIGER 200 중공업,4255,2,55,1.31,4260.0,23.5724,646457,2738,881
228,138540,2,TIGER 현대차그룹+펀더멘털,28310,2,80,0.28,28287.0,22.9078,16730,473,866
229,458260,6,TIGER 미국투자등급회사채액티브(H),48250,2,195,0.41,48140.0,-3.8431,6554,316,859
230,252710,3,TIGER 200선물인버스2X,2235,5,-40,-1.76,2229.0,-15.112,2628176,5884,847
231,267770,3,TIGER 200선물레버리지,14595,2,270,1.88,14605.0,15.4776,150093,2183,847
232,461260,6,ACE 25-06 회사채(AA-이상)액티브,10460,2,5,0.05,10453.0,1.1121,6276,65,838
233,472160,4,TIGER 미국테크TOP10 INDXX(H),11645,2,75,0.65,11579.0,6.6851,126740,1475,827
234,204450,4,KODEX 차이나H레버리지(H),1629,2,10,0.62,1622.0,31.519,1598704,2608,813
235,469050,4,KBSTAR 미국반도체NYSE(H),13995,2,215,1.56,14005.0,4.5041,14783,206,812
236,367760,2,KBSTAR Fn5G테크,11390,2,70,0.62,11448.0,9.9613,7973,90,809
237,433330,4,SOL 미국S&P500,14650,2,110,0.76,14603.0,7.6501,21538,315,806
238,266420,2,KODEX 헬스케어,15180,2,265,1.78,15220.0,12.0973,35295,532,789
239,228810,2,TIGER 미디어컨텐츠,5385,2,45,0.84,5406.0,-14.7411,124383,667,785
240,144600,5,KODEX 은선물(H),5065,5,-80,-1.55,5062.0,19.6511,254289,1286,785
241,437080,6,KODEX 미국종합채권ESG액티브(H),97695,2,265,0.27,97618.0,-2.2769,3104,303,773
242,395170,2,KODEX Fn Top10동일가중,7895,2,135,1.74,7891.0,8.3964,376,2,758
243,465780,6,마이티 26-09 특수채(AAA)액티브,103750,3,0,0.0,103876.0,0.6792,0,0,757
244,464310,4,TIGER 글로벌AI&로보틱스 INDXX,11875,2,190,1.63,11790.0,5.6987,135377,1601,754
245,437350,6,KBSTAR 미국단기투자등급회사채액티브,11020,2,30,0.27,10991.0,2.7582,12029,132,738
246,454320,2,HANARO CAPEX설비투자iSelect,14070,2,380,2.78,14056.0,31.4258,48435,679,732
247,284430,6,KODEX 200미국채혼합,12805,2,90,0.71,12763.0,2.7059,26702,341,727
248,195980,4,ARIRANG 신흥국MSCI(합성 H),9410,2,70,0.75,9502.0,5.7159,21881,205,711
249,475720,3,KBSTAR 200위클리커버드콜,10165,2,5,0.05,10175.0,,559239,5677,691
250,435420,7,TIGER 미국나스닥100TR채권혼합Fn,11705,5,-40,-0.34,11690.0,1.2919,66044,773,691
251,174360,4,KBSTAR 중국본토대형주CSI100,16420,2,230,1.42,16434.0,9.3549,15531,254,690
252,452250,6,ACE 미국30년국채선물레버리지(합성 H),5965,2,65,1.1,6004.0,-14.3065,76783,457,686
253,315960,2,KBSTAR 대형고배당10TR,20135,2,95,0.47,20109.0,19.0023,5096,102,685
254,437070,6,KODEX 아시아달러채권ESG플러스액티브,54930,2,50,0.09,54910.0,2.4262,6008,330,681
255,114820,6,TIGER 국채3년,106055,3,0,0.0,106039.0,-0.0764,880,93,677
256,461500,6,HANARO 종합채권(AA-이상)액티브,105400,5,-15,-0.01,105403.0,-0.2885,503,53,676
257,261220,5,KODEX WTI원유선물(H),16020,5,-160,-0.99,16000.0,11.6246,38385,614,653
258,414270,4,ACE G2전기차&자율주행액티브,8015,2,235,3.02,8024.0,2.6385,116118,925,649
259,470310,2,UNICORN 생성형AI강소기업액티브,9700,2,90,0.94,9709.0,-3.4171,2283,22,645
260,269540,4,ARIRANG 미국S&P500(H),20880,2,80,0.38,20832.0,4.5522,2915,60,626
261,464240,6,히어로즈 26-09 회사채(AA-이상)액티브,51780,3,0,0.0,51784.0,0.9809,13992,724,616
262,139280,2,TIGER 경기방어,9100,2,190,2.13,9096.0,1.7454,2889,26,613
263,136340,6,KBSTAR 중기우량회사채,105080,2,45,0.04,105065.0,0.9454,336,35,612
264,418660,4,TIGER 미국나스닥100레버리지(합성),17525,2,305,1.77,17416.0,7.457,111328,1957,605
265,236350,4,TIGER 인도니프티50레버리지(합성),39280,2,5,0.01,39603.0,15.3789,7690,301,597
266,434060,7,KODEX TDF2050액티브,12635,2,50,0.4,12605.0,5.3288,40053,506,588
267,152380,6,KODEX 국채선물10년,64350,2,35,0.05,64445.0,-2.0932,2178,140,587
268,261240,7,KODEX 미국달러선물,13090,2,20,0.15,13127.0,4.1019,19792,259,584
269,465330,2,KBSTAR 2차전지TOP10,13585,2,290,2.18,13617.0,-1.409,61948,831,581
270,458030,6,WOORI 단기국공채액티브,51830,2,10,0.02,51832.0,0.8956,58,3,577
271,225040,4,TIGER 미국S&P500레버리지(합성 H),35995,2,245,0.69,35868.0,7.309,8831,317,576
272,426030,4,TIMEFOLIO 미국나스닥100액티브,18810,2,340,1.84,18743.0,16.6403,56063,1054,568
273,411420,4,KODEX 미국메타버스나스닥액티브,10705,2,200,1.9,10658.0,7.0846,31310,334,562
274,469580,6,KBSTAR KP달러채권액티브,53560,2,90,0.17,53457.0,2.8506,4,0,557
275,438080,7,ACE 미국S&P500채권혼합액티브,11500,3,0,0.0,11485.0,5.3595,123752,1425,552
276,298770,4,KODEX 한국대만IT프리미어,22910,2,180,0.79,23024.0,11.0299,10460,239,550
277,441640,4,KODEX 미국배당프리미엄액티브,10960,2,45,0.41,10930.0,7.0628,118300,1297,548
278,099140,4,KODEX 차이나H,15855,2,5,0.03,15845.0,20.5873,84322,1341,547
279,440640,6,ACE 단기채권알파액티브,106330,2,20,0.02,106327.0,0.8968,456,48,541
280,295020,6,KBSTAR 국채선물10년인버스,56325,5,-5,-0.01,56231.0,3.4717,11,0,540
281,458750,4,TIGER 미국배당+3%프리미엄다우존스,10890,2,20,0.18,10852.0,3.9764,48014,523,539
282,412570,2,TIGER 2차전지TOP10레버리지,3855,2,150,4.05,3871.0,-0.4033,2680882,10206,536
283,441540,2,HANARO Fn조선해운,11385,2,175,1.56,11424.0,11.9662,152697,1723,535
284,233160,3,TIGER 코스닥150 레버리지,13345,2,330,2.54,13361.0,19.2942,138965,1835,534
285,429000,4,TIGER 미국S&P500배당귀족,11430,5,-5,-0.04,11387.0,6.4918,36939,422,526
286,400570,4,KODEX 유럽탄소배출권선물ICE(H),10000,5,-235,-2.3,10015.0,8.4216,46167,464,522
287,245360,4,TIGER 차이나HSCEI,9235,2,35,0.38,9192.0,20.973,39583,364,517
288,476750,6,ACE 미국30년국채엔화노출액티브(H),9015,5,-35,-0.39,8946.0,,334062,2994,514
289,397410,6,KBSTAR 국채선물5년추종인버스,56600,5,-50,-0.09,56598.0,2.3579,60,3,513
290,395160,2,KODEX Fn시스템반도체,11220,2,80,0.72,11232.0,15.9916,15085,169,505
291,322400,2,HANARO e커머스,10280,2,190,1.88,10264.0,-7.8769,2684,27,504
292,476690,4,TIGER 글로벌비만치료제TOP2Plus,10305,2,100,0.98,10312.0,,107097,1104,495
293,423170,4,SOL 한국형글로벌반도체액티브,17585,2,315,1.82,17481.0,12.5242,31938,561,492
294,448490,6,HANARO 32-10 국고채액티브,52555,2,40,0.08,52552.0,-1.9786,3195,167,492
295,308620,6,KODEX 미국10년국채선물,11145,2,30,0.27,11169.0,-1.3754,15221,169,490
296,472170,7,TIGER 미국테크TOP10채권혼합,10960,2,60,0.55,10926.0,3.6121,47734,522,482
297,453820,4,KODEX 인도Nifty50레버리지(합성),15810,5,-25,-0.16,15888.0,14.5388,12261,193,482
298,465660,4,TIGER 일본반도체FACTSET,13985,5,-55,-0.39,13968.0,3.8817,78309,1093,475
299,385510,2,KODEX K-신재생에너지액티브,18185,2,820,4.72,18174.0,31.9575,113244,2027,464
300,256440,4,ACE 인도네시아MSCI(합성),10005,5,-95,-0.94,9902.0,-1.6075,27268,272,460
301,448330,1,KODEX 삼성전자채권혼합Wise,11200,5,-45,-0.4,11243.0,1.6267,39109,438,459
302,271050,5,KODEX WTI원유선물인버스(H),4020,2,30,0.75,4030.0,-10.2363,203828,820,454
303,102970,2,KODEX 증권,7120,2,50,0.71,7144.0,12.0214,57031,404,445
304,203780,4,TIGER 미국나스닥바이오,21000,2,215,1.03,20943.0,-3.6394,8915,187,441
305,475260,6,ACE 2월만기자동연장회사채AA-이상액티브,10125,3,0,0.0,10124.0,1.0983,2100,21,439
306,371450,4,TIGER 글로벌클라우드컴퓨팅INDXX,10300,2,135,1.33,10265.0,-5.8361,5211,53,437
307,438320,4,TIGER 차이나항셍테크레버리지(합성 H),5445,2,35,0.65,5422.0,27.2941,635277,3522,436
308,469150,2,ACE AI반도체포커스,16380,5,-40,-0.24,16376.0,40.9597,75106,1238,434
309,123320,3,TIGER 레버리지,18715,2,385,2.1,18730.0,15.6466,61622,1150,430
310,195930,4,TIGER 유로스탁스50(합성 H),17870,2,200,1.13,17834.0,9.5813,11158,198,429
311,365000,2,TIGER 인터넷TOP10,3750,2,55,1.49,3758.0,-6.6751,141644,528,426
312,261270,7,KODEX 미국달러선물인버스,8225,5,-15,-0.18,8231.0,-2.8875,23574,193,425
313,456680,4,TIGER 차이나전기차레버리지(합성),5045,2,410,8.85,5125.0,15.1552,287156,1427,424
314,152870,1,파워 200,36750,2,330,0.91,36850.0,8.7992,47,1,423
315,227540,2,TIGER 200 헬스케어,17950,2,420,2.4,17974.0,-1.3206,18152,323,420
316,108450,2,ACE 삼성그룹섹터가중,15500,2,100,0.65,15503.0,10.4203,26680,413,419
317,407830,4,에셋플러스 글로벌플랫폼액티브,8205,2,65,0.8,8195.0,9.6296,9220,75,418
318,469070,2,KBSTAR AI&로봇,9865,2,145,1.49,9877.0,-18.6271,97278,954,414
319,122260,6,KOSEF 통안채1년,103535,2,20,0.02,103542.0,0.6808,111,11,414
320,140700,2,KODEX 보험,9355,5,-5,-0.05,9380.0,26.7141,41114,383,412
321,469170,2,ACE 포스코그룹포커스,7035,2,160,2.33,7055.0,-9.4834,150348,1044,412
322,266160,2,KBSTAR 고배당,13735,2,100,0.73,13726.0,14.2857,13970,191,405
323,319640,4,TIGER 골드선물(H),15550,5,-65,-0.42,15551.0,14.6896,23492,364,404
324,332500,1,ACE 200TR,23715,2,220,0.94,23767.0,8.8487,6805,161,403
325,276970,4,KODEX 미국S&P500배당귀족커버드콜(합성 H),8575,5,-5,-0.06,8500.0,1.9244,9003,77,403
326,304780,3,HANARO 200선물레버리지,21130,2,350,1.68,21146.0,14.9654,829,17,401
327,455960,6,KBSTAR 미국달러SOFR금리액티브(합성),10910,2,20,0.18,10898.0,3.9618,1140,12,398
328,419430,4,KODEX 차이나2차전지MSCI(합성),5695,2,260,4.78,5758.0,6.7779,43560,245,393
329,388280,2,KBSTAR Fn컨택트대표,6455,2,105,1.65,6466.0,-5.0222,4252,27,390
330,266360,2,KODEX 미디어&엔터테인먼트,11415,2,280,2.51,11408.0,-9.6722,9913,112,388
331,475380,7,KBSTAR 글로벌리얼티인컴,9630,5,-30,-0.31,9559.0,,123747,1192,385
332,411540,1,SOL 200 Top10,8725,2,125,1.45,8720.0,8.8861,2405,20,384
333,368190,2,HANARO Fn K-뉴딜디지털플러스,7975,2,215,2.77,7974.0,-4.7182,499,3,383
334,421320,2,ARIRANG 우주항공&UAM iSelect,13300,2,135,1.03,13346.0,20.7162,33040,438,372
335,464920,4,ARIRANG 일본반도체소부장Solactive,13270,5,-75,-0.56,13274.0,4.4618,67150,886,372
336,218420,4,KODEX 미국S&P500에너지(합성),15245,5,-235,-1.52,15380.0,18.9853,24843,379,371
337,354350,4,HANARO 글로벌럭셔리S&P(합성),19370,2,175,0.91,19385.0,8.7535,2247,43,370
338,371470,4,TIGER 차이나바이오테크SOLACTIVE,5595,2,130,2.38,5604.0,0.9233,42177,235,365
339,123310,3,TIGER 인버스,4720,5,-45,-0.94,4723.0,-7.2958,99868,471,363
340,473490,4,KOSEF 글로벌AI반도체,13185,2,250,1.93,13268.0,10.2728,124891,1656,363
341,395150,2,KODEX Fn웹툰&드라마,3730,2,40,1.08,3749.0,-18.071,17003,63,362
342,248270,4,TIGER S&P글로벌헬스케어(합성),22355,2,220,0.99,22276.0,5.0296,4558,101,358
343,337160,2,KODEX 200ESG,13540,2,155,1.16,13560.0,12.0377,144,1,352
344,272910,6,ACE 중장기국공채액티브,101275,2,135,0.13,101253.0,-0.1235,2,0,351
345,426150,6,WOORI 대한민국국고채액티브,52400,2,55,0.11,52434.0,-1.5424,714,37,349
346,463300,4,KBSTAR 중국본토CSI300,9420,2,200,2.17,9459.0,7.7732,3886,36,349
347,434960,1,대신343 K200,36655,2,360,0.99,36720.0,8.9895,72,2,348
348,336160,6,KBSTAR 금융채액티브,101170,5,-5,0.0,101178.0,0.7739,388,39,348
349,461490,7,KBSTAR 글로벌자산배분액티브,11355,5,-5,-0.04,11358.0,5.4292,71725,816,346
350,447620,7,SOL 미국TOP5채권혼합40 Solactive,11915,2,80,0.68,11964.0,0.8947,138738,1655,346
351,138230,7,KOSEF 미국달러선물,14935,2,25,0.17,14946.0,4.1201,3823,57,342
352,261250,7,KODEX 미국달러선물레버리지,14425,2,45,0.31,14486.0,7.3134,46112,667,340
353,464470,6,ARIRANG 미국채30년액티브,49250,2,375,0.77,48989.0,-3.3996,7362,362,335
354,114100,6,KBSTAR 국고채3년,107995,2,60,0.06,108002.0,-0.1351,2086,225,334
355,476800,7,KODEX 한국부동산리츠인프라,5120,2,5,0.1,5131.0,,805767,4121,328
356,445150,2,KODEX K-친환경선박액티브,11440,2,150,1.33,11451.0,6.4788,51492,585,326
357,266370,2,KODEX IT,19890,2,145,0.73,19927.0,11.3796,7950,157,318
358,399110,4,SOL 미국S&P500ESG,13835,2,115,0.84,13836.0,7.0872,10071,139,318
359,441800,1,TIMEFOLIO Korea플러스배당액티브,12395,2,25,0.2,12424.0,15.4024,139781,1724,317
360,472830,6,KBSTAR 미국30년국채커버드콜(합성),9390,2,55,0.59,9352.0,-1.5794,71690,673,315
361,243880,2,TIGER 200IT레버리지,41950,2,435,1.05,42055.0,21.62,2325,97,304
362,250730,4,KBSTAR 차이나HSCEI(H),7330,5,-15,-0.2,7329.0,16.8655,82230,604,301
363,238720,4,ACE 일본Nikkei225(H),27025,2,455,1.71,26601.0,7.2019,4402,118,297
364,332620,6,ARIRANG 미국장기우량회사채,87795,2,475,0.54,87838.0,-3.2519,372,32,294
365,261070,2,TIGER 코스닥150바이오테크,11470,2,110,0.97,11518.0,31.0662,91396,1041,291
366,101280,4,KODEX 일본TOPIX100,20165,5,-130,-0.64,20210.0,6.1642,30049,601,290
367,160580,5,TIGER 구리실물,12235,2,180,1.49,12234.0,19.4155,80730,987,288
368,375770,2,KODEX 탄소효율그린뉴딜,9185,2,85,0.93,9209.0,8.7595,162,1,285
369,440340,7,TIGER 글로벌멀티에셋TIF액티브,10525,2,20,0.19,10487.0,5.0768,1710,17,284
370,261140,2,TIGER 우선주,12465,2,180,1.47,12507.0,16.4981,10501,130,282
371,394350,4,KOSEF 글로벌퓨처모빌리티,9340,2,140,1.52,9426.0,2.6213,12722,118,280
372,453330,4,KBSTAR 미국S&P500(H),12725,2,55,0.43,12691.0,4.1717,13332,169,280
373,287180,4,ARIRANG 미국나스닥테크,32935,2,325,1.0,32859.0,3.0331,1084,35,280
374,363510,6,SOL KIS단기통안채,106790,2,35,0.03,106789.0,0.736,19,2,280
375,210780,2,TIGER 코스피고배당,14490,2,200,1.4,14522.0,10.1107,25436,367,278
376,329670,7,KODEX TRF7030,16350,2,40,0.25,16261.0,5.3957,12589,205,278
377,385720,1,TIMEFOLIO Kstock액티브,9540,2,125,1.33,9603.0,11.8835,5548,52,277
378,450910,1,SOL 코스닥150,14195,2,90,0.64,14196.0,10.3556,253,3,275
379,276990,4,KODEX 글로벌로봇(합성),17560,2,185,1.06,17538.0,-0.0576,6140,107,275
380,438560,6,SOL 국고채3년,102465,2,65,0.06,102450.0,-0.1268,20,2,274
381,326230,2,KBSTAR 내수주플러스,8300,2,80,0.97,8327.0,5.6436,435,3,272
382,385520,2,KODEX K-미래차액티브,9475,2,170,1.83,9492.0,3.98,5002,47,270
383,289480,3,TIGER 200커버드콜ATM,8955,2,25,0.28,9006.0,6.6176,22119,198,269
384,237350,1,KODEX 코스피100,28210,2,305,1.09,28189.0,8.4826,3669,103,268
385,403790,1,마이다스 KoreaStock액티브,20935,2,220,1.06,20942.0,8.9116,36,0,267
386,279530,2,KODEX 고배당,10235,2,70,0.69,10268.0,12.9496,81190,829,266
387,359210,1,KODEX 코스피TR,13300,2,130,0.99,13322.0,8.0837,1017,13,266
388,332610,6,ARIRANG 미국단기우량회사채,118330,5,-455,-0.38,118643.0,3.3227,191,22,264
389,395750,2,ARIRANG ESG가치주액티브,8600,2,120,1.42,8595.0,7.5853,52,0,262
390,385590,2,ACE ESG액티브,8165,2,115,1.43,8181.0,10.5834,440,3,261
391,329660,7,KODEX TRF5050,14335,2,45,0.31,14261.0,3.965,6778,97,258
392,465610,4,ACE 미국빅테크TOP7 Plus레버리지(합성),16105,2,275,1.74,15984.0,25.1383,30612,494,258
393,417630,2,TIGER KEDI혁신기업ESG30,9850,2,190,1.97,9882.0,-0.9675,13060,127,256
394,475280,6,ACE 8월만기자동연장회사채AA-이상액티브,10120,2,5,0.05,10116.0,0.9481,169,1,256
395,453950,4,TIGER TSMC밸류체인FACTSET,15500,2,325,2.14,15492.0,11.3761,14091,219,256
396,261120,7,TIGER 미국달러선물인버스2X,5945,5,-25,-0.42,5938.0,-6.2795,10280,60,256
397,475270,6,ACE 5월만기자동연장회사채AA-이상액티브,10105,3,0,0.0,10106.0,0.8986,20,0,255
398,404260,2,KODEX KRX기후변화솔루션,12125,2,220,1.85,12169.0,8.5058,6292,75,255
399,138520,2,TIGER 삼성그룹펀더멘털,12600,2,25,0.2,12593.0,14.3176,16181,203,252
400,387270,4,TIGER 글로벌BBIG액티브,14090,2,115,0.82,14060.0,5.8311,9465,133,251
401,130680,5,TIGER 원유선물Enhanced(H),4765,5,-50,-1.04,4753.0,10.9447,23138,109,245
402,269420,4,KODEX S&P글로벌인프라(합성),15245,5,-90,-0.59,15291.0,9.0682,3025,46,244
403,280930,4,KODEX 미국러셀2000(H),12320,2,145,1.19,12301.0,-0.4904,7617,93,240
404,449770,4,KOSEF 미국S&P500,14065,2,85,0.61,14027.0,6.8242,9366,131,239
405,251600,7,ARIRANG 고배당주채권혼합,11885,2,45,0.38,11883.0,6.5184,30479,361,238
406,360140,2,KODEX 200롱코스닥150숏선물,8410,5,-25,-0.3,8396.0,-2.0894,554,4,235
407,354500,1,ACE 코스닥150,14545,2,225,1.57,14549.0,10.1226,5281,76,233
408,239660,6,ARIRANG 우량회사채50 1년,115355,2,20,0.02,115355.0,0.5536,2393,276,231
409,256750,4,KODEX 차이나심천ChiNext(합성),8240,2,240,3.0,8338.0,8.7695,12272,100,230
410,117700,2,KODEX 건설,3305,2,50,1.54,3319.0,2.4922,31201,102,228
411,237370,7,KODEX 배당성장채권혼합,12660,2,50,0.4,12669.0,4.301,10613,134,228
412,385600,2,ACE 2차전지&친환경차액티브,11950,2,180,1.53,11992.0,10.9859,12808,152,227
413,169950,4,KODEX 차이나A50,18855,2,170,0.91,18910.0,12.628,3286,61,226
414,276650,4,KBSTAR 글로벌4차산업IT(합성 H),26450,2,455,1.75,26513.0,1.2266,468,12,225
415,292190,1,KODEX KRX300,17240,2,155,0.91,17265.0,9.2935,1368,23,224
416,472350,4,1Q 차이나H(H),11175,5,-15,-0.13,11153.0,17.7894,7,0,224
417,117680,2,KODEX 철강,8860,2,260,3.02,8879.0,0.8036,29124,255,223
418,272570,6,KBSTAR 중장기국공채액티브,103580,5,-45,-0.04,103649.0,-0.3989,9,0,223
419,387280,2,TIGER 퓨처모빌리티액티브,9365,2,125,1.35,9385.0,8.2552,1785,16,221
420,300950,2,KODEX 게임산업,6490,2,205,3.26,6512.0,-3.8962,47491,306,221
421,446700,2,KBSTAR 배터리 리사이클링iSelect,11765,2,280,2.44,11801.0,2.2707,7976,93,219
422,196030,4,ACE 일본TOPIX레버리지(H),43320,2,1020,2.41,42442.0,17.7944,3687,162,217
423,211900,2,KODEX 배당성장,14885,2,235,1.6,14938.0,12.7137,9178,135,216
424,341850,7,TIGER 리츠부동산인프라채권TR KIS,4740,2,10,0.21,4733.0,5.0077,4345,20,213
425,434730,2,HANARO 원자력iSelect,16370,2,260,1.61,16390.0,41.7102,95912,1574,213
426,474800,4,KOSEF 미국원유에너지기업,12060,5,-110,-0.9,12135.0,20.5547,70173,847,211
427,277540,4,ACE 아시아TOP50S&P,13985,2,90,0.65,13961.0,14.5035,1799,25,210
428,252420,3,KBSTAR 200선물인버스2X,2100,5,-40,-1.87,2096.0,-15.2476,195107,410,208
429,396510,4,TIGER 차이나클린에너지SOLACTIVE,5880,2,220,3.89,5903.0,4.1398,16491,95,207
430,310960,1,TIGER 200TR,20655,2,195,0.95,20692.0,8.7141,2865,59,207
431,480310,4,TIGER 글로벌온디바이스AI,9340,2,130,1.41,9283.0,,325334,3038,205
432,442260,1,마이티 다이나믹퀀트액티브,12810,2,135,1.07,12799.0,8.2426,11941,152,205
433,117460,2,KODEX 에너지화학,14500,2,555,3.98,14512.0,-0.4963,31454,453,203
434,377990,2,TIGER Fn신재생에너지,8810,2,425,5.07,8843.0,0.6563,34910,304,203
435,468380,6,KODEX iShares미국하이일드액티브,10760,2,45,0.42,10710.0,3.4449,12523,134,200
436,400590,4,SOL 글로벌탄소배출권선물ICE(합성),11650,5,-130,-1.1,11552.0,6.3176,8452,98,198
437,381560,2,HANARO Fn전기&수소차,8590,2,205,2.44,8606.0,7.6679,9301,79,198
438,475310,2,SOL 반도체후공정,14070,2,40,0.29,14099.0,,160974,2276,197
439,139250,2,TIGER 200 에너지화학,12570,2,550,4.58,12609.0,-4.8533,44109,553,196
440,352560,7,KODEX 미국부동산리츠(H),10880,2,40,0.37,10841.0,-5.4653,2625,28,196
441,404540,2,TIGER KRX기후변화솔루션,12240,2,215,1.79,12280.0,8.3891,563,6,196
442,211560,2,TIGER 배당성장,18625,2,240,1.31,18676.0,12.9877,1232,22,196
443,304770,1,HANARO 코스닥150,14405,2,140,0.98,14488.0,10.0539,520,7,193
444,391600,4,ACE 미국친환경그린테마INDXX,8545,2,140,1.67,8627.0,-5.0283,777,6,192
445,453080,4,KOSEF 미국나스닥100(H),14680,2,155,1.07,14635.0,1.1842,148684,2181,191
446,438100,7,ACE 미국나스닥100채권혼합액티브,11865,2,50,0.42,11856.0,4.0969,24044,285,190
447,219390,4,KBSTAR 미국S&P원유생산기업(합성 H),7120,2,30,0.42,7207.0,16.8039,40145,285,189
448,200030,4,KODEX 미국S&P500산업재(합성),29485,2,65,0.22,29405.0,12.2686,1602,47,184
449,114460,6,ACE 국고채3년,102070,2,70,0.07,102113.0,-0.1332,62,6,184
450,429760,4,ARIRANG 미국S&P500,13120,2,85,0.65,13080.0,7.5448,189329,2484,184
451,364990,2,TIGER 게임TOP10,4980,2,170,3.53,4997.0,-3.8806,64997,321,182
452,456250,4,KODEX 유럽명품TOP10 STOXX,9685,2,185,1.95,9731.0,14.1317,13200,127,179
453,289260,2,TIGER MSCI KOREA ESG리더스,8995,2,95,1.07,9018.0,9.4454,3186,28,178
454,463250,2,TIGER 스페이스테크iSelect,12225,2,120,0.99,12261.0,8.8669,43760,532,177
455,139220,2,TIGER 200 건설,3245,2,40,1.25,3252.0,6.9306,34348,111,177
456,468630,6,KODEX iShares미국투자등급회사채액티브,10735,2,70,0.66,10693.0,-0.5482,10812,116,177
457,465670,4,TIGER 미국캐시카우100,11765,2,60,0.51,11704.0,11.0058,13830,162,176
458,479620,4,SOL 미국AI반도체칩메이커,9790,2,185,1.93,9743.0,,365434,3579,176
459,265690,4,ACE 러시아MSCI(합성),9505,3,0,0.0,45.0,0.0,0,0,176
460,411050,4,ACE 글로벌메타버스테크액티브,11650,2,240,2.1,11687.0,5.795,1872,21,175
461,252400,3,KBSTAR 200선물레버리지,17465,2,320,1.87,17465.0,15.3768,47934,833,175
462,396520,4,TIGER 차이나반도체FACTSET,5320,2,145,2.8,5361.0,6.4814,72840,386,174
463,223190,2,KODEX 200가치저변동,11365,2,75,0.66,11354.0,14.8568,2625,29,170
464,471040,4,KoAct 글로벌AI&로봇액티브,12600,2,160,1.29,12576.0,7.7522,7414,92,170
465,337150,2,KODEX 200exTOP,11820,3,0,0.0,12012.0,10.7635,0,0,169
466,250780,3,TIGER 코스닥150선물인버스,3460,5,-50,-1.42,3457.0,-9.8845,1774875,6181,166
467,225800,7,KOSEF 미국달러선물레버리지,13810,2,55,0.4,13818.0,7.3351,1812,25,166
468,376410,2,TIGER 탄소효율그린뉴딜,9145,2,75,0.83,9185.0,8.5106,4122,37,165
469,182490,6,TIGER 단기선진하이일드(합성 H),12640,2,50,0.4,12620.0,0.1192,819,10,164
470,464600,2,SOL 자동차소부장Fn,10250,2,270,2.71,10261.0,1.4639,1380,14,164
471,409810,4,KODEX 미국나스닥100선물인버스(H),8855,5,-70,-0.78,8882.0,-0.4462,102009,902,164
472,271060,5,KODEX 3대농산물선물(H),9745,3,0,0.0,9746.0,-4.0847,5019,48,164
473,114470,6,KOSEF 국고채3년,108665,5,-5,0.0,108768.0,-0.0883,26,2,163
474,447430,2,ACE 주주환원가치주액티브,12045,2,10,0.08,12073.0,11.3952,23741,285,163
475,448630,7,KBSTAR 삼성그룹Top3채권혼합블룸버그,10145,2,25,0.25,10155.0,2.4266,17004,172,162
476,185680,4,KODEX 미국S&P바이오(합성),25230,2,520,2.1,24978.0,-3.3256,4629,116,160
477,426020,4,TIMEFOLIO 미국S&P500액티브,16710,2,175,1.06,16683.0,13.4087,119664,2001,160
478,475070,4,KoAct 글로벌기후테크인프라액티브,11795,2,280,2.43,11732.0,17.2606,11576,136,159
479,457700,6,KODEX 53-09 국고채액티브,10315,5,-5,-0.05,10350.0,-3.6415,2523,26,159
480,453640,4,KODEX 미국S&P500헬스케어,11710,5,-135,-1.14,11771.0,5.4593,16440,193,158
481,252410,3,KBSTAR 200선물인버스,5390,5,-50,-0.92,5395.0,-7.3254,25992,140,156
482,407820,2,에셋플러스 코리아플랫폼액티브,6750,2,5,0.07,6775.0,-3.9858,1633,10,155
483,306950,3,KODEX KRX300레버리지,15480,2,220,1.44,15638.0,14.4356,625,9,155
484,418670,4,TIGER 글로벌사이버보안INDXX,12090,2,85,0.71,12075.0,-2.1598,4321,52,155
485,217780,4,TIGER 차이나CSI300인버스(합성),8590,5,-130,-1.49,8603.0,-8.6911,1178,10,155
486,460960,7,ACE 글로벌인컴TOP10 SOLACTIVE,10645,2,65,0.61,10577.0,3.6329,12519,133,154
487,415340,4,KODEX 차이나과창판STAR50(합성),6065,2,205,3.5,6153.0,1.913,1571,9,152
488,316670,1,KOSEF 코스닥150,7175,2,75,1.06,7235.0,10.1629,567,4,151
489,137610,5,TIGER 농산물선물Enhanced(H),6240,5,-5,-0.08,6218.0,-4.0707,48240,300,150
490,445690,2,BNK 주주가치액티브,13530,2,70,0.52,13587.0,8.7237,231,3,149
491,401590,4,HANARO 글로벌탄소배출권선물ICE(합성),9560,5,-140,-1.44,9562.0,5.5495,2000,19,148
492,217770,5,TIGER 원유선물인버스(H),2690,2,25,0.94,2687.0,-10.7203,20078,53,148
493,183700,7,KBSTAR 채권혼합,61420,2,170,0.28,61442.0,2.459,2,0,147
494,461600,6,SOL 미국30년국채액티브(H),8910,2,55,0.62,8886.0,-6.6421,16929,150,147
495,475300,2,SOL 반도체전공정,10875,2,175,1.64,10897.0,,146311,1584,147
496,445910,2,TIGER MKF배당귀족,12230,2,210,1.75,12266.0,6.3719,2181,26,147
497,291130,4,ACE 멕시코MSCI(합성),16275,2,255,1.59,16239.0,3.3548,15197,246,146
498,245350,4,TIGER 유로스탁스배당30,12145,5,-5,-0.04,12118.0,7.883,2328,28,146
499,476760,6,ACE 미국30년국채액티브,9680,2,60,0.62,9638.0,,33166,320,145
500,241390,7,KBSTAR V&S셀렉트밸류채권혼합,12020,2,25,0.21,12042.0,3.4051,768,9,144
501,195970,4,ARIRANG 선진국MSCI(합성 H),11780,2,100,0.86,11815.0,3.1346,11659,136,144
502,464610,2,SOL 의료기기소부장Fn,9245,2,270,3.01,9262.0,1.9852,25020,229,143
503,253290,7,KBSTAR 헬스케어채권혼합,11910,2,75,0.63,11910.0,3.0923,9167,108,143
504,337140,2,KODEX 코스피대형주,12885,2,140,1.1,12886.0,7.7242,1373,17,142
505,354240,7,KBSTAR 미국고정배당우선증권ICE TR,10785,2,65,0.61,10743.0,-0.2327,2907,31,140
506,289040,2,KODEX MSCI KOREA ESG유니버설,10750,2,90,0.84,10761.0,8.9267,177,1,140
507,463680,4,KODEX 미국S&P500테크놀로지,12050,2,80,0.67,12090.0,0.5877,17841,214,139
508,475050,2,ACE KPOP포커스,8145,2,45,0.56,8156.0,,88317,718,138
509,156080,1,KODEX MSCI Korea,17240,2,130,0.76,17283.0,9.1392,32,0,138
510,469060,4,KBSTAR 미국반도체NYSE,14505,2,255,1.79,14431.0,8.9694,2788,40,138
511,100910,1,KOSEF KRX100,5735,2,50,0.88,5736.0,9.8659,621,3,138
512,138910,5,KODEX 구리선물(H),7955,2,25,0.32,7917.0,18.7125,41736,331,135
513,159800,1,마이티 코스피100,28085,2,230,0.83,28070.0,8.7031,2631,73,135
514,230480,7,KOSEF 미국달러선물인버스2X,5220,5,-20,-0.38,5205.0,-6.2612,1695,8,135
515,139270,2,TIGER 200 금융,7890,2,50,0.64,7889.0,22.5,58897,464,134
516,444490,4,WOORI 미국S&P500,13350,2,100,0.75,13179.0,7.505,16826,222,134
517,140710,2,KODEX 운송,4585,2,85,1.89,4605.0,-9.6457,12385,56,133
518,453650,4,KODEX 미국S&P500금융,13980,5,-90,-0.64,13961.0,11.4093,2280,31,133
519,407310,1,HANARO 200 TOP10,8560,2,135,1.6,8557.0,8.6734,73,0,133
520,213630,4,ARIRANG 미국다우존스고배당주(합성 H),15595,5,-85,-0.54,15625.0,4.186,4284,66,133
521,267440,6,KBSTAR 미국장기국채선물(H),8270,2,45,0.55,8278.0,-5.0779,882,7,132
522,276000,4,TIGER 글로벌자원생산기업(합성 H),15530,5,-15,-0.1,15636.0,9.3178,2394,37,132
523,167860,6,KOSEF 국고채10년레버리지,101360,2,145,0.14,101633.0,-4.6312,23,2,132
524,181480,7,ACE 미국다우존스리츠(합성 H),73205,5,-540,-0.73,73635.0,-5.4188,62,4,132
525,442320,4,KBSTAR 글로벌원자력iSelect,16410,2,500,3.14,16384.0,13.724,35730,585,131
526,102960,2,KODEX 기계장비,6890,2,115,1.7,6909.0,12.8951,34082,233,131
527,476030,4,SOL 미국나스닥100,10365,2,100,0.97,10325.0,,14274,147,130
528,122090,1,ARIRANG 코스피50,25205,2,200,0.8,25194.0,8.7963,1424,35,129
529,433970,7,KODEX TDF2030액티브,11660,2,5,0.04,11674.0,2.4432,5178,60,128
530,280320,4,ACE 미국IT인터넷S&P(합성 H),16015,2,70,0.44,16085.0,2.5731,671,10,128
531,371150,4,KBSTAR 차이나항셍테크,5555,2,55,1.0,5543.0,18.7904,12119,67,128
532,435040,4,ACE 글로벌브랜드TOP10블룸버그,14080,2,125,0.9,13994.0,7.6781,1315,18,127
533,300610,2,TIGER K게임,7230,2,195,2.77,7226.0,-5.7296,7989,57,127
534,395280,2,HANARO Fn K-게임,3945,2,125,3.27,3954.0,-3.8896,8555,33,126
535,467620,6,히어로즈 25-09 미국채권(AA-이상)액티브,52395,5,-5,-0.01,52401.0,3.3224,14533,761,126
536,422260,2,VITA MZ소비액티브,8375,2,90,1.09,8428.0,4.0829,30793,256,126
537,475350,4,KBSTAR 버크셔포트폴리오TOP10,10435,5,-45,-0.43,10415.0,,22201,231,125
538,453060,6,HANARO KOFR금리액티브(합성),104160,2,5,0.0,104152.0,0.8862,48,4,125
539,104530,2,KOSEF 고배당,10280,2,105,1.03,10286.0,18.1564,6732,68,123
540,138530,2,TIGER LG그룹+펀더멘털,7415,2,215,2.99,7421.0,-0.4753,9689,71,123
541,473460,4,KODEX 미국서학개미,11115,2,215,1.97,11237.0,7.6467,75268,837,122
542,471780,2,TIGER 코리아테크액티브,10900,2,65,0.6,10946.0,10.6687,143,1,122
543,292500,1,SOL KRX300,17385,2,80,0.46,17531.0,8.7932,1,0,122
544,140950,1,파워 코스피100,27610,2,220,0.8,27718.0,8.8597,2020,55,121
545,091220,2,TIGER 은행,8305,2,15,0.18,8321.0,22.5327,28803,239,121
546,463690,4,KODEX 미국S&P500통신서비스,12505,2,125,1.01,12557.0,7.409,10503,131,119
547,195920,4,TIGER 일본TOPIX(합성 H),22825,2,120,0.53,22921.0,7.9391,1497,34,119
548,472840,1,ITF 200,36450,2,340,0.94,36526.0,8.7609,235,8,118
549,352540,7,KODEX 일본부동산리츠(H),11800,2,10,0.08,11789.0,1.8184,4157,48,118
550,471290,6,HANARO CD금리액티브(합성),101700,2,40,0.04,101656.0,0.8731,708,72,117
551,474920,4,에셋플러스 차이나일등기업포커스10액티브,11220,2,190,1.72,11259.0,11.9796,8179,91,117
552,365040,1,TIGER AI코리아그로스액티브,12855,2,135,1.06,12895.0,8.9002,1200,15,116
553,449540,6,SOL 24-06 국고채액티브,105020,2,15,0.01,105029.0,0.8015,2113,221,116
554,457690,6,KODEX 33-06 국고채액티브,10160,2,15,0.15,10162.0,-1.4571,10439,106,115
555,461450,1,KODEX 코스닥글로벌,11435,2,280,2.51,11524.0,10.9677,198,2,114
556,447660,7,ARIRANG Apple채권혼합Fn,10880,2,15,0.14,10898.0,-3.4071,6955,75,114
557,473590,4,ACE 미국주식베스트셀러,11265,2,70,0.63,11314.0,7.9556,2822,31,113
558,430500,7,KOSEF 물가채KIS,111450,2,235,0.21,111616.0,0.8432,1863,207,111
559,310080,4,KBSTAR 중국MSCI China(H),7680,2,210,2.81,7559.0,10.0957,4431,33,111
560,461340,4,HANARO 글로벌생성형AI액티브,13775,2,250,1.85,13720.0,8.1135,9200,126,110
561,440650,6,ACE 미국달러단기채권액티브,10885,2,15,0.14,10878.0,3.9196,15875,173,109
562,400580,4,SOL 유럽탄소배출권선물S&P(H),9880,5,-255,-2.52,9935.0,8.1643,4542,45,109
563,290080,3,KBSTAR 200고배당커버드콜ATM,7755,2,70,0.91,7794.0,7.4753,22180,171,109
564,449690,4,TIGER 한중반도체(합성),12670,2,110,0.88,12772.0,13.7681,3,0,108
565,292050,1,KBSTAR KRX300,17745,2,135,0.77,17791.0,9.0797,689,12,106
566,292730,1,FOCUS KRX300,17705,2,100,0.57,17759.0,9.8386,15,0,106
567,480040,4,ACE 미국반도체15%프리미엄분배(합성),10580,2,270,2.62,10465.0,,274936,2907,106
568,453630,4,KODEX 미국S&P500필수소비재,11125,2,40,0.36,11114.0,9.7969,1455,16,106
569,453660,4,KODEX 미국S&P500경기소비재,13135,2,130,1.0,13145.0,7.3371,309,4,105
570,461580,1,TIGER 코스닥글로벌,11635,2,110,0.95,11750.0,11.6908,151,1,105
571,449780,4,KOSEF 미국S&P500(H),13070,2,40,0.31,13041.0,4.5746,84529,1104,105
572,225130,4,ACE 골드선물 레버리지(합성 H),20900,5,-165,-0.78,21029.0,28.0936,1891,39,105
573,266410,2,KODEX 필수소비재,6505,2,95,1.48,6531.0,4.4764,27764,180,104
574,433980,7,KODEX TDF2040액티브,12245,2,45,0.37,12223.0,3.9813,4096,50,104
575,466930,2,SOL 자동차TOP3플러스,11530,5,-60,-0.52,11557.0,23.316,22216,257,104
576,480020,4,ACE 미국빅테크7+ 15%프리미엄분배(합성),10260,2,85,0.84,10188.0,,446572,4578,103
577,433220,4,에셋플러스 글로벌대장장이액티브,14205,2,265,1.9,14166.0,8.7787,176,2,102
578,480030,4,ACE 미국500 15%프리미엄분배(합성),10180,2,80,0.79,10149.0,,545238,5549,102
579,442570,7,KBSTAR TDF2050액티브,11955,2,15,0.13,11988.0,5.291,6590,78,102
580,476310,4,KBSTAR 글로벌비만산업TOP2+,10155,2,35,0.35,10271.0,,19761,200,102
581,463640,4,KODEX 미국S&P500유틸리티,10680,5,-45,-0.42,10663.0,14.9664,5939,63,101
582,145850,2,TREX 펀더멘탈 200,40395,2,385,0.96,40345.0,10.9778,1,0,101
583,375760,2,HANARO 탄소효율그린뉴딜,9120,2,105,1.16,9110.0,8.9008,962,8,100
584,152500,3,ACE 레버리지,7700,2,135,1.78,7705.0,16.0276,12486,95,100
585,449580,7,KBSTAR 미국빅데이터Top3채권혼합iSelect,12380,5,-20,-0.16,12312.0,1.6393,1808,22,99
586,472720,1,TRUSTON 주주가치액티브,11460,2,170,1.51,11543.0,15.3806,102683,1173,99
587,473640,4,HANARO 글로벌금채굴기업,12310,2,205,1.69,12409.0,24.409,7727,95,98
588,225050,4,TIGER 유로스탁스레버리지(합성 H),12200,2,265,2.22,12094.0,16.8379,1089,13,98
589,429010,4,TIGER 미국나스닥넥스트100,12165,2,40,0.33,12170.0,6.0804,219,2,97
590,368680,2,KODEX Fn K-뉴딜디지털플러스,8025,2,210,2.69,8062.0,-5.209,28275,225,96
591,442580,4,ARIRANG 글로벌D램반도체iSelect,19105,2,185,0.98,19070.0,18.9424,3104,59,96
592,301400,1,ARIRANG 코스닥150,14585,2,155,1.07,14644.0,9.06,35469,516,95
593,474390,6,SOL 국고채30년액티브,47380,2,60,0.13,47557.0,-3.7038,10,0,95
594,139240,2,TIGER 200 철강소재,8415,2,255,3.13,8447.0,2.8606,2872,23,94
595,433500,2,ACE 원자력테마딥서치,15570,2,350,2.3,15586.0,29.1946,14824,230,93
596,417450,4,KBSTAR 글로벌수소경제Indxx,6885,2,165,2.46,6858.0,-5.3522,48571,331,93
597,451670,6,KBSTAR 국채30년레버리지KAP(합성),18505,3,0,0.0,18567.0,-8.141,4140,76,93
598,459790,4,히어로즈 미국성장기업30액티브,12315,2,115,0.94,12296.0,6.5502,47,0,92
599,108590,1,TREX 200,36915,2,355,0.97,36990.0,8.6931,37,1,92
600,174350,2,TIGER 로우볼,12425,2,140,1.14,12438.0,11.639,1260,15,92
601,460270,6,히어로즈 미국달러SOFR금리액티브(합성),11305,5,-15,-0.13,11313.0,4.428,140,1,92
602,442090,2,에셋플러스 코리아대장장이액티브,11390,2,190,1.7,11377.0,2.1897,63,0,91
603,131890,2,ACE 삼성그룹동일가중,18050,2,80,0.45,18089.0,13.8166,83,1,90
604,448570,1,FOCUS AI코리아액티브,12860,2,95,0.74,12898.0,8.8098,528,6,90
605,459750,4,KBSTAR 글로벌주식분산액티브,11925,2,110,0.93,11916.0,6.3935,7451,88,89
606,446690,4,KODEX 아시아AI반도체exChina액티브,17870,2,75,0.42,17956.0,17.2527,1217,21,89
607,275280,2,KODEX MSCI모멘텀,12735,2,100,0.79,12760.0,19.5794,6,0,89
608,441330,4,KOSEF 차이나A50커넥트MSCI,8485,2,115,1.37,8753.0,10.568,2912,24,89
609,455660,6,ACE 미국하이일드액티브(H),9880,5,-115,-1.15,9866.0,0.7518,3234,31,89
610,379790,4,KBSTAR 유로스탁스50(H),13670,2,180,1.33,13707.0,9.0982,11366,156,89
611,253150,3,ARIRANG 200선물레버리지,35185,2,650,1.88,35180.0,15.2896,1785,62,88
612,385710,2,TIMEFOLIO 이노베이션액티브,7980,2,115,1.46,8019.0,-1.6261,3236,25,88
613,261060,2,TIGER 코스닥150IT,16870,2,150,0.9,16956.0,1.5733,188,3,88
614,139660,7,KOSEF 미국달러선물인버스,8580,5,-15,-0.17,8577.0,-2.8814,3449,29,88
615,444200,2,SOL KEDI메가테크액티브,14565,2,155,1.08,14563.0,22.5465,14434,209,87
616,399580,4,KBSTAR 글로벌클린에너지S&P,6720,2,5,0.07,6771.0,-4.0029,1145,7,87
617,471460,6,히어로즈 국고채30년액티브,54580,2,30,0.05,54694.0,-3.9359,17,0,87
618,452440,2,VITA 밸류알파액티브,12450,2,145,1.18,12478.0,7.7758,26345,325,87
619,459560,4,KODEX 테슬라밸류체인FactSet,11615,2,140,1.22,11543.0,8.5106,2740,31,87
620,261110,7,TIGER 미국달러선물레버리지,14515,2,55,0.38,14539.0,7.2302,123,1,87
621,292160,1,TIGER KRX300,17380,2,115,0.67,17426.0,9.1562,225,3,87
622,272230,2,ACE 스마트밸류,14480,2,150,1.05,14491.0,12.3846,24,0,87
623,390400,4,KODEX 미국스마트모빌리티S&P,5430,5,-55,-1.0,5450.0,1.6682,13123,71,87
624,244670,2,KODEX 밸류Plus,8650,2,185,2.19,8704.0,3.8552,18,0,87
625,285690,2,FOCUS ESG리더스,10800,2,135,1.27,10845.0,9.0172,91,0,86
626,229720,1,KODEX KTOP30,17275,2,190,1.11,17291.0,4.7389,727,12,86
627,253250,3,KOSEF 200선물레버리지,17275,2,310,1.83,17297.0,15.4081,40946,707,86
628,460660,4,KBSTAR 미국S&P배당킹,10780,5,-80,-0.74,10715.0,7.5343,4592,49,86
629,464060,4,HANARO 글로벌반도체TOP10 SOLACTIVE,14350,2,80,0.56,14600.0,12.3282,5400,77,86
630,468370,6,KODEX iShares미국인플레이션국채액티브,10495,2,50,0.48,10456.0,1.6545,1940,20,86
631,467540,1,KOSEF 코스닥글로벌,12200,2,180,1.5,12189.0,12.5642,60,0,85
632,267490,6,KBSTAR 미국장기국채선물레버리지(합성 H),5685,2,55,0.98,5679.0,-10.8472,10583,59,85
633,477490,4,에셋플러스 글로벌일등기업포커스10액티브,10525,2,225,2.18,10496.0,,2553,26,84
634,449680,7,TIGER 한중전기차(합성),8855,2,255,2.97,8895.0,11.3989,88,0,84
635,333960,2,ARIRANG KS모멘텀가중TR,15140,2,130,0.87,15177.0,14.931,20,0,83
636,360150,2,KODEX 코스닥150롱코스피200숏선물,10395,2,30,0.29,10406.0,3.7018,1340,13,83
637,479850,2,HANARO K-뷰티,11075,2,295,2.74,11079.0,,16049,176,83
638,462340,4,에셋플러스 글로벌다이나믹시니어액티브,11515,2,115,1.01,11482.0,8.6749,4,0,83
639,225060,4,TIGER 이머징마켓MSCI레버리지(합성 H),7475,2,130,1.77,7546.0,9.3005,11300,83,82
640,333950,2,ARIRANG KS로우사이즈가중TR,16440,2,185,1.14,16416.0,6.2418,20,0,82
641,139320,5,TIGER 금은선물(H),10950,5,-45,-0.41,11018.0,14.8302,2111,23,82
642,438740,2,마이다스 KoreaStock중소형액티브,21900,2,285,1.32,22002.0,3.3468,12,0,82
643,478150,4,TIMEFOLIO 글로벌우주테크&방산액티브,10220,2,130,1.29,10221.0,,179940,1835,82
644,333970,2,ARIRANG KS밸류가중TR,16350,2,200,1.24,16315.0,8.9008,20,0,82
645,183710,7,KBSTAR 주식혼합,40825,2,135,0.33,40964.0,5.9083,1,0,82
646,404120,2,TIMEFOLIO 탄소중립액티브,13605,2,205,1.53,13654.0,6.9433,617,8,82
647,269370,4,TIGER S&P글로벌인프라(합성),12550,5,-60,-0.48,12617.0,7.7027,139,1,82
648,426410,4,ARIRANG 미국대체투자Top10MV,16280,2,205,1.28,16290.0,10.5333,1952,31,81
649,456200,6,ARIRANG 미국달러SOFR금리액티브(합성),54135,3,0,0.0,54150.0,4.548,0,0,81
650,364690,1,KODEX 혁신기술테마액티브,13515,2,40,0.3,13581.0,13.7916,218,2,81
651,461910,4,ARIRANG 미국테크10레버리지iSelect(합성),16210,2,495,3.15,16041.0,16.2352,4980,80,81
652,428560,4,KODEX 미국ETF산업Top10 Indxx,13480,2,90,0.67,13468.0,-0.4822,1829,24,81
653,275290,2,KODEX MSCI밸류,11415,2,160,1.42,11458.0,4.4084,10,0,80
654,244620,2,KODEX 모멘텀Plus,13300,2,190,1.45,13343.0,13.0509,469,6,80
655,457930,2,BNK 미래전략기술액티브,10640,2,135,1.29,10684.0,7.3033,3,0,80
656,322120,2,ACE 스마트퀄리티,15765,2,180,1.15,15763.0,7.4048,24,0,79
657,432840,4,HANARO 미국S&P500,13085,2,55,0.42,13193.0,7.7151,1125,14,79
658,337120,2,KODEX Fn멀티팩터,12840,3,0,0.0,12973.0,8.3229,0,0,78
659,424460,4,HANARO 글로벌워터MSCI(합성),12990,2,90,0.7,12985.0,10.7771,228,2,78
660,253280,2,KBSTAR 헬스케어,14110,2,265,1.91,14092.0,10.0994,8748,122,78
661,272220,2,ACE 스마트모멘텀,15510,2,100,0.65,15521.0,11.937,27,0,78
662,346000,6,HANARO KAP초장기국고채,36940,2,45,0.12,36944.0,-3.1628,7917,291,77
663,450190,4,KODEX 한중반도체(합성),12805,2,280,2.24,12933.0,12.2814,196,2,77
664,419420,4,KODEX 미국클린에너지나스닥,5895,2,55,0.94,5867.0,-5.8824,8162,47,77
665,411720,4,KBSTAR 글로벌메타버스Moorgate,12755,2,285,2.29,12745.0,9.29,3377,43,77
666,413930,2,WOORI AI ESG액티브,9540,2,65,0.69,9565.0,10.3669,5369,51,76
667,333940,2,ARIRANG KS로우볼가중TR,13755,2,105,0.77,13738.0,8.0332,20,0,76
668,410870,2,TIMEFOLIO K컬처액티브,8370,2,140,1.7,8421.0,-1.2598,320,2,75
669,192720,2,파워 고배당저변동성,31335,2,490,1.59,31382.0,9.2681,86,2,75
670,270800,2,KBSTAR KQ고배당,12530,2,80,0.64,12547.0,3.1211,611,7,75
671,469160,4,ACE 일본반도체,12445,5,-80,-0.64,12463.0,7.6956,11877,146,75
672,333980,2,ARIRANG KS퀄리티가중TR,14895,2,155,1.05,14880.0,7.7485,21,0,74
673,234310,2,KBSTAR V&S셀렉트밸류,14875,2,130,0.88,14927.0,8.7623,9,0,74
674,448100,1,WOORI 200,37175,2,340,0.92,37257.0,8.8117,67,2,74
675,252000,1,TIGER 200동일가중,11400,2,175,1.56,11578.0,6.4892,2,0,74
676,375270,7,KBSTAR 글로벌데이터센터리츠나스닥(합성),10560,2,100,0.96,10496.0,-3.5945,438,4,74
677,228820,1,TIGER KTOP30,8685,2,95,1.11,8700.0,4.6441,363,3,74
678,227570,2,TIGER 우량가치,11640,2,185,1.62,11693.0,7.7237,1685,19,73
679,367740,2,HANARO Fn5G산업,13295,2,95,0.72,13281.0,13.1501,443,5,73
680,307510,2,TIGER 의료기기,14620,2,240,1.67,14715.0,1.1216,1705,24,73
681,331910,2,KOSEF Fn중소형,21445,2,410,1.95,21497.0,1.7733,61,1,73
682,380340,2,ACE Fn5G플러스,10390,2,135,1.32,10390.0,5.7642,683,7,73
683,419650,4,ARIRANG 글로벌수소&차세대연료전지MV,3925,2,75,1.95,3901.0,-12.6985,14301,55,73
684,404650,2,SOL KRX기후변화솔루션,12100,2,155,1.3,12213.0,7.9784,4,0,73
685,237440,7,TIGER 경기방어채권혼합,9065,2,20,0.22,9102.0,0.6117,2940,26,73
686,269530,4,ARIRANG S&P글로벌인프라,14500,5,-110,-0.75,14631.0,8.2972,378,5,73
687,225030,4,TIGER 미국S&P500선물인버스(H),3290,5,-10,-0.3,3291.0,-3.3675,26531,87,72
688,205720,4,ACE 일본TOPIX인버스(합성 H),2665,5,-10,-0.37,2683.0,-8.5471,18543,49,72
689,153270,1,KOSEF 코스피100,27610,2,265,0.97,27587.0,8.4069,77,2,72
690,304670,6,KODEX 미국30년국채울트라선물인버스(H),11845,5,-70,-0.59,11834.0,7.5846,3310,39,71
691,322410,2,HANARO 고배당,12900,2,135,1.06,12883.0,11.3705,1624,20,71
692,460280,2,KOSEF Fn유전자혁신기술,9420,2,245,2.67,9443.0,3.7895,326,3,71
693,432600,6,KBSTAR 국채선물3년,52675,5,-20,-0.04,52727.0,-0.5004,4,0,71
694,457990,2,ARIRANG 태양광&ESS Fn,10060,2,530,5.56,10060.0,27.4666,22798,224,70
695,429740,7,ARIRANG K리츠Fn,7020,3,0,0.0,7020.0,6.9806,13728,96,70
696,189400,4,ARIRANG 글로벌MSCI(합성 H),17980,2,170,0.95,17939.0,4.2434,124,2,70
697,435550,7,히어로즈 TDF2050액티브,12685,2,45,0.36,12672.0,6.3078,1970,25,70
698,227830,1,ARIRANG 코스피,27900,2,345,1.25,27867.0,7.851,287,7,70
699,402520,1,FOCUS 혁신기업액티브,8650,2,95,1.11,8658.0,8.0928,2,0,69
700,305050,1,ACE 코스피,27615,2,305,1.12,27635.0,7.7581,2456,67,69
701,157500,2,TIGER 증권,5035,2,45,0.9,5053.0,16.0674,6216,31,68
702,304760,1,HANARO KRX300,17070,2,250,1.49,17041.0,9.4394,50,0,68
703,139290,2,TIGER 200 경기소비재,17060,2,70,0.41,17099.0,18.3169,652,11,68
704,450120,2,KOSEF SK그룹대표주,12375,2,135,1.1,12367.0,12.9672,2374,29,68
705,251590,2,ARIRANG 고배당저변동50,12350,2,110,0.9,12361.0,10.4541,2521,31,68
706,176950,6,KODEX 국채선물10년인버스,56025,2,70,0.13,55878.0,3.5245,3,0,67
707,404470,2,HANARO KRX기후변화솔루션,12165,2,285,2.4,12146.0,8.5144,148,1,67
708,438900,2,HANARO Fn K-푸드,9540,2,175,1.87,9510.0,8.0407,5775,54,67
709,166400,3,TIGER 200커버드콜5%OTM,13330,2,130,0.98,13353.0,9.8491,1414,18,67
710,253160,3,ARIRANG 200선물인버스2X,4285,5,-110,-2.5,4277.0,-14.4942,11075,47,66
711,322150,2,ACE 스마트하이베타,13265,2,190,1.45,13279.0,7.4705,66,0,66
712,252650,1,KODEX 200동일가중,11020,2,215,1.99,11103.0,6.8313,4,0,66
713,104520,2,KOSEF 블루칩,8260,2,130,1.6,8275.0,6.9525,73,0,66
714,429990,7,SOL 한국형글로벌플랫폼&메타버스액티브,13215,2,75,0.57,13284.0,9.2907,158,2,66
715,226980,1,KODEX 200 중소형,13205,2,290,2.25,13278.0,12.7249,369,4,66
716,292770,6,KODEX 국채선물3년인버스,54755,3,0,0.0,54776.0,1.8034,0,0,66
717,419170,4,HANARO 미국메타버스iSelect,13110,2,270,2.1,13235.0,-1.9833,260,3,66
718,451150,4,에셋플러스 글로벌영에이지액티브,13090,2,195,1.51,13048.0,9.3723,78,1,65
719,117690,4,TIGER 차이나항셍25,14510,2,185,1.29,14375.0,20.9371,5460,78,65
720,279540,2,KODEX 최소변동성,10835,2,150,1.4,10863.0,6.996,111,1,65
721,322130,2,ACE 스마트로우볼,16250,2,125,0.78,16260.0,11.2428,37,0,65
722,319870,7,KBSTAR KRX300미국달러선물혼합,18485,2,350,1.93,18501.0,11.7031,12,0,65
723,440910,4,WOORI 미국우주항공방산,12915,2,205,1.61,12858.0,7.3479,2053,26,65
724,289250,2,TIGER MSCI KOREA ESG유니버설,10640,3,0,0.0,10763.0,9.1831,0,0,65
725,459370,4,SOL 유럽탄소배출권선물인버스ICE(H),12855,2,190,1.5,12973.0,-11.865,7855,100,64
726,415760,4,SOL 차이나육성산업액티브(합성),5810,2,185,3.29,5935.0,0.9874,1273,7,64
727,402460,2,HANARO Fn K-메타버스MZ,7075,2,150,2.17,7063.0,-5.2954,266,1,64
728,371130,4,ACE 베트남VN30선물블룸버그레버리지(H),10590,2,20,0.19,10508.0,2.9712,2776,29,64
729,450180,7,KODEX 한중전기차(합성),9060,2,330,3.78,9120.0,10.2272,733,6,63
730,307520,2,TIGER 지주회사,10500,2,345,3.4,10511.0,6.5648,5009,52,63
731,138920,5,KODEX 콩선물(H),12560,5,-90,-0.71,12604.0,-5.1725,84,1,63
732,298340,6,ARIRANG 국채선물3년,54140,5,-5,-0.01,54166.0,-0.1936,10,0,63
733,435540,7,히어로즈 TDF2040액티브,12545,2,50,0.4,12545.0,5.443,977,12,63
734,219900,4,ACE 중국본토CSI300레버리지(합성),2715,2,110,4.22,2742.0,15.7777,29291,78,62
735,437370,4,KBSTAR 글로벌농업경제MV,8830,5,-40,-0.45,8896.0,3.1395,5511,48,62
736,469530,3,KBSTAR 미국달러선물인버스,9485,5,-35,-0.37,9505.0,-2.8572,635,6,62
737,466810,2,BNK 2차전지양극재,8195,2,200,2.5,8225.0,0.0,5376,43,61
738,253230,3,KOSEF 200선물인버스2X,2115,5,-40,-1.86,2110.0,-15.1575,36352,76,61
739,403990,2,KBSTAR KRX기후변화솔루션,12125,2,230,1.93,12171.0,7.9873,13,0,61
740,438210,4,ARIRANG 글로벌인공지능산업MV,12105,2,180,1.51,12055.0,-2.0132,1634,19,61
741,277640,2,TIGER 코스피대형주,13375,2,110,0.83,13385.0,7.9422,65,0,60
742,277650,2,TIGER 코스피중형주,14975,2,400,2.74,14964.0,8.7687,116,1,60
743,266550,2,ARIRANG 중형주저변동50,11945,2,245,2.09,11937.0,11.9368,24,0,60
744,140580,2,KBSTAR 우량업종대표주,11915,2,95,0.8,11952.0,13.9479,223,2,60
745,435530,7,히어로즈 TDF2030액티브,11885,2,40,0.34,11907.0,4.2234,5771,68,59
746,476000,2,UNICORN 포스트IPO액티브,9110,2,110,1.22,9114.0,,622,5,59
747,143460,2,ACE 밸류대형,9865,2,90,0.92,9870.0,11.0371,250,2,59
748,316300,7,ACE 싱가포르리츠,11795,2,30,0.25,11811.0,-3.3279,62,0,59
749,394340,4,KOSEF 글로벌디지털경제,9815,2,50,0.51,10079.0,1.8248,24287,240,59
750,442560,7,KBSTAR TDF2040액티브,11775,5,-10,-0.08,11845.0,4.616,2738,32,59
751,226380,2,ACE Fn성장소비주도주,5875,2,80,1.38,5900.0,0.4299,344,2,59
752,373530,4,ARIRANG 신흥국MSCI인버스(합성 H),11260,5,-85,-0.75,11308.0,-5.0231,15,0,59
753,436180,2,ARIRANG K-유니콘투자기업액티브,10550,2,130,1.25,10538.0,-1.1634,33,0,58
754,289670,6,ARIRANG 국채선물10년,51660,2,10,0.02,51782.0,-2.0482,18769,969,58
755,442550,7,KBSTAR TDF2030액티브,11485,2,15,0.13,11551.0,3.6601,1536,17,57
756,429980,7,SOL 한국형글로벌전기차&2차전지액티브,10605,2,145,1.39,10622.0,9.5461,1370,14,57
757,280920,2,ARIRANG 주도업종,10265,2,10,0.1,10250.0,16.3322,20,0,56
758,291890,4,KODEX MSCI EM선물(H),8060,2,60,0.75,8076.0,4.6435,140,1,56
759,373490,2,KODEX K-이노베이션액티브,12530,2,580,4.85,12569.0,19.3034,28041,348,56
760,105010,4,TIGER 라틴35,4655,2,75,1.64,4654.0,1.0743,5962,27,56
761,314700,2,HANARO 농업융복합산업,10125,2,215,2.17,10136.0,-3.4434,2544,25,56
762,373790,4,KOSEF 미국방어배당성장나스닥,13840,2,55,0.4,13841.0,5.0132,911,12,55
763,275300,2,KODEX MSCI퀄리티,9220,2,85,0.93,9224.0,9.9056,5,0,55
764,261920,4,ACE 필리핀MSCI(합성),13815,2,310,2.3,13916.0,-1.1709,146,2,55
765,371870,4,ACE 차이나항셍테크,5520,2,25,0.45,5524.0,20.3723,19869,110,55
766,315270,2,TIGER 200커뮤니케이션서비스,16885,2,290,1.75,16884.0,-6.928,6,0,54
767,456100,6,HANARO 유로존국채25년플러스(합성 H),49775,2,610,1.24,49794.0,-3.5224,42,2,54
768,432850,4,HANARO 글로벌백신치료제MSCI,10715,2,5,0.05,10763.0,2.8694,55,0,54
769,238670,7,ARIRANG 스마트베타Quality채권혼합,10675,2,50,0.47,10675.0,0.7042,726,7,53
770,390950,6,HANARO 단기채권액티브,106410,3,0,0.0,106440.0,0.7765,0,0,53
771,407160,2,MASTER 테크미디어텔레콤액티브,9560,2,40,0.42,9592.0,7.6314,956,9,53
772,292750,1,ARIRANG KRX300,17430,2,155,0.9,17478.0,9.2662,27,0,52
773,381570,2,HANARO Fn친환경에너지,8685,2,385,4.64,8734.0,3.995,718,6,52
774,105780,2,KBSTAR 5대그룹주,6505,2,45,0.7,6509.0,12.3711,47,0,52
775,280940,5,KODEX 골드선물인버스(H),6120,2,5,0.08,6131.0,-12.0144,4089,24,52
776,437550,7,히어로즈 글로벌리츠이지스액티브,9405,5,-60,-0.63,9536.0,0.4677,23,0,52
777,445950,4,KOSEF 차이나A50커넥트인버스MSCI(합성 H),10200,3,0,0.0,9886.0,-9.894,0,0,51
778,334690,5,KBSTAR 팔라듐선물(H),5030,5,-180,-3.45,4980.0,4.9345,49192,247,50
779,428510,4,KODEX 차이나메타버스액티브,9950,2,165,1.69,10039.0,8.0022,2114,21,50
780,266390,2,KODEX 경기소비재,8225,2,100,1.23,8266.0,1.6533,772,6,49
781,427110,2,KBSTAR Fn창업투자회사,7425,3,0,0.0,7456.0,2.2727,35,0,49
782,454180,4,KOSEF 차이나내수소비TOP CSI,8845,2,165,1.9,8831.0,19.3947,2190,19,49
783,476260,2,HANARO 반도체핵심공정주도주,10675,2,50,0.47,10676.0,,16310,174,48
784,429870,7,히어로즈 리츠이지스액티브,7355,2,110,1.52,7346.0,6.2183,77,0,48
785,391670,1,HK 베스트일레븐액티브,9480,3,0,0.0,9610.0,11.3329,0,0,47
786,321410,7,KODEX 멀티에셋하이인컴(H),9405,5,-45,-0.48,9433.0,-0.6832,783,7,47
787,433250,1,UNICORN R&D 액티브,11745,2,130,1.12,11792.0,4.6867,53,0,47
788,227550,2,TIGER 200 산업재,6640,2,175,2.71,6631.0,5.9773,134,0,46
789,416090,4,ACE 중국과창판STAR50,5785,2,200,3.58,5849.0,0.0896,1579,9,46
790,140570,2,KBSTAR 수출주,11430,2,185,1.65,11479.0,9.6852,132,1,46
791,413220,4,SOL 차이나태양광CSI(합성),4565,2,190,4.34,4601.0,-7.1126,5886,26,46
792,461900,4,ARIRANG 미국테크10iSelect,13035,2,175,1.36,13093.0,8.4317,928,12,46
793,391680,1,HK 하이볼액티브,8215,3,0,0.0,8385.0,5.1856,0,0,45
794,465620,4,ACE 미국빅테크TOP7 Plus인버스(합성),14695,5,-80,-0.54,14705.0,-14.0489,2361,34,44
795,281990,2,KBSTAR 중소형고배당,11000,2,200,1.85,11047.0,2.0183,1621,17,44
796,306520,3,HANARO 200선물인버스,9760,5,-75,-0.76,9761.0,-7.3918,878,8,44
797,284980,2,KBSTAR 200금융,10440,2,25,0.24,10466.0,23.5294,7501,78,44
798,244660,2,KODEX 퀄리티Plus,8595,3,0,0.0,8703.0,3.9739,0,0,44
799,395760,2,ARIRANG ESG성장주액티브,8735,2,115,1.33,8731.0,7.4395,1029,8,44
800,426330,4,KOSEF 미국ETF산업STOXX,12180,2,150,1.25,12159.0,1.9059,334,4,43
801,411860,4,KOSEF 독일DAX,12050,2,130,1.09,12015.0,7.7757,278,3,42
802,291630,3,KOSEF 코스닥150선물레버리지,5855,2,140,2.45,5890.0,20.3157,30171,175,42
803,285000,2,KBSTAR 200IT,15040,2,90,0.6,15065.0,12.4028,1101,16,42
804,285010,2,KBSTAR 200중공업,13150,2,150,1.15,13193.0,24.2395,8982,117,42
805,473380,2,HANARO K-메디테크,8205,2,110,1.36,8274.0,-12.8164,891,7,41
806,256450,4,ARIRANG 심천차이넥스트(합성),8150,2,350,4.49,8159.0,9.3969,2474,19,41
807,284990,2,KBSTAR 200에너지화학,8490,2,400,4.94,8488.0,-4.7121,3318,27,41
808,445930,4,KOSEF 차이나A50커넥트레버리지MSCI(합성H),8140,2,245,3.1,8420.0,21.4615,2662,21,41
809,295820,1,ARIRANG 200동일가중,10075,3,0,0.0,10354.0,7.01,0,0,40
810,295000,6,KBSTAR 국채선물10년,51005,5,-40,-0.08,51077.0,-2.0532,79,4,40
811,427120,2,KBSTAR Fn플랫폼테마,6560,2,5,0.08,6606.0,-14.5929,20,0,39
812,448510,4,HANARO 글로벌신재생에너지MSCI(합성),7140,2,175,2.51,7126.0,2.3512,12,0,39
813,147970,2,TIGER 모멘텀,27310,2,490,1.83,27441.0,14.1112,1738,47,38
814,215620,2,HK S&P코리아로우볼,12745,2,110,0.87,12784.0,7.6435,7,0,38
815,139310,5,TIGER 금속선물(H),6320,2,30,0.48,6311.0,14.5719,16431,103,38
816,407170,2,MASTER 스마트커머스액티브,7515,2,110,1.49,7531.0,5.11,1435,10,38
817,407300,2,HANARO Fn골프테마,5755,2,115,2.04,5794.0,0.1739,114,0,37
818,227560,2,TIGER 200 생활소비재,8225,2,120,1.48,8257.0,7.0312,5967,49,35
819,098560,2,TIGER 방송통신,6870,2,25,0.37,6861.0,-3.9376,12305,84,34
820,469790,2,KOSEF K-테크TOP10,11255,2,60,0.54,11315.0,2.4713,13,0,34
821,220130,4,SOL 차이나강소기업CSI500(합성 H),4215,2,75,1.81,4254.0,4.0201,7236,30,34
822,433880,7,ARIRANG TDF2060액티브,12840,2,130,1.02,12801.0,5.6964,1002,12,33
823,267500,6,KBSTAR 미국장기국채선물인버스2X(합성 H),11065,5,-85,-0.76,11057.0,10.8349,209,2,33
824,243890,2,TIGER 200에너지화학레버리지,6620,2,520,8.52,6655.0,-10.8188,29031,189,33
825,472490,4,HANARO 미국애그테크,10870,2,70,0.65,10923.0,11.0373,165,1,33
826,285020,2,KBSTAR 200철강소재,8580,2,235,2.82,8636.0,2.7305,2100,17,33
827,291620,3,KOSEF 코스닥150선물인버스,6125,5,-90,-1.45,6108.0,-9.4684,1902,11,32
828,397420,6,KBSTAR 국채선물5년추종,48895,5,-75,-0.15,48966.0,-0.9307,4,0,32
829,334700,5,KBSTAR 팔라듐선물인버스(H),6390,2,210,3.4,6511.0,-8.715,442,2,32
830,287300,2,KBSTAR 200건설,13285,2,140,1.07,13344.0,7.2177,392,5,32
831,306530,3,HANARO 코스닥150선물레버리지,11795,2,390,3.42,11824.0,19.7375,1780,20,31
832,275750,3,KBSTAR 코스닥150선물인버스,3500,5,-50,-1.41,3490.0,-9.8985,11219,39,30
833,301410,3,ARIRANG 코스닥150선물인버스,5275,5,-75,-1.4,5269.0,-9.4755,1308,6,29
834,253240,3,KOSEF 200선물인버스,5450,5,-50,-0.91,5445.0,-7.2513,943,5,28
835,473500,4,KOSEF 글로벌전력반도체,8865,2,185,2.13,9024.0,-8.4389,57805,512,27
836,391590,4,ACE 미국스팩&IPO INDXX,5300,3,0,0.0,5373.0,0.7604,651,3,27
837,145670,3,ACE 인버스,5240,5,-50,-0.95,5237.0,-7.0299,13152,68,26
838,415920,5,ARIRANG 글로벌희토류전략자원기업MV,4940,2,55,1.13,4952.0,-9.1163,405,2,25
839,291680,4,KBSTAR 차이나H선물인버스(H),12295,5,-10,-0.08,12450.0,-16.5763,360,4,25
840,252720,2,KBSTAR 모멘텀밸류,16360,2,55,0.34,16405.0,17.1336,72,1,25
841,433860,7,ARIRANG TDF2040액티브,11370,2,25,0.22,11482.0,2.0692,428,4,24
842,299070,6,ACE 국채선물10년인버스,114455,3,0,0.0,114312.0,3.4761,0,0,23
843,433850,7,ARIRANG TDF2030액티브,11225,2,85,0.76,11187.0,0.7233,132,1,22
844,267450,6,KBSTAR 미국장기국채선물인버스(H),11160,3,0,0.0,11126.0,7.1017,0,0,22
845,299080,6,ACE 국채선물3년인버스,110430,3,0,0.0,110460.0,1.9197,0,0,22
846,433870,7,ARIRANG TDF2050액티브,12260,2,80,0.66,12223.0,4.6841,71,0,22
847,287310,2,KBSTAR 200경기소비재,10810,2,30,0.28,10832.0,18.7366,254,2,22
848,412560,2,TIGER BBIG레버리지,2080,2,70,3.48,2101.0,-6.9445,7812,15,18
849,252730,2,KBSTAR 모멘텀로우볼,16050,5,-20,-0.12,16074.0,16.3649,45,0,16
850,287330,2,KBSTAR 200생활소비재,6235,2,75,1.22,6264.0,7.0325,388,2,14
851,315480,2,KBSTAR 200커뮤니케이션서비스,10550,2,175,1.69,10563.0,-7.0516,6,0,13
852,287320,2,KBSTAR 200산업재,12410,2,160,1.31,12475.0,7.9623,5,0,10
